	af_id	af_hidden	af_global	af_enabled	af_deleted	af_throttled	af_group	af_timestamp	af_actions	af_hit_count	af_public_comments	manual_tags	comments
0	61	0	0	1	0	0	default	20170514124327	tag	1611956	New user removing references	good_faith_refs	since action is “tag”
1	135	0	0	1	0	0	default	20150225210144	warn,tag	1371361	Repeating characters	silly_vandalism	action is not “disallow” but this aims at catching stuff like “dsadsadsadas” in articles, and there’s hardly a legitimate use of it
2	527	1	0	1	0	0	default	20161204020134	throttle	1241576	T34234: log/throttle possible sleeper account creations	sockpuppetry	(interestingly the ticket is closed with “declined” as resolution
3	384	0	0	1	0	0	default	20181018171832	disallow	1159239	Addition of bad words or other vandalism	profanity_vandalism	
4	172	0	0	1	0	0	default	20170514124339	tag	935925	Section blanking	good_faith_deletion	
5	30	0	0	1	0	0	default	20181018234235	warn,tag	840871	Large deletion from article by new editors	good_faith_deletion	
6	633	0	0	1	0	0	default	20181218191236	tag	808716	Possible canned edit summary	general_vandalism	or smth like ‘deception’? The concern here is that vandals leave misleading summaries..
7	636	0	0	1	0	0	default	20181231024947	warn	726764	Unexplained removal of sourced content	good_faith_deletion	
8	3	0	0	1	0	0	default	20181018194624	warn,tag	700522	New user blanking articles	good_faith_deletion	in the meantime, the filter is set to “disallow” (18.1.2019), which will rather render it ‘general_vandalism’ (since there isn’t a ‘blanking_vandalism’ or similar code at the moment
9	650	0	0	1	0	0	default	20160721182156		695601	Creation of a new article without any categories	general_tracking	in the meantime handled by https://en.wikipedia.org/wiki/Special:NewPagesFeed
10	279	0	0	1	0	0	default	20190104180929	throttle,tag	616212	Repeated attempts to vandalize	unclear / hidden_vandalism	undecided between unclear and hidden_vandalism; filter is hidden at the moment, I have an older version whose pattern seems to throttle edits by all non-confirmed users
11	432	0	0	1	0	0	default	20160614010135	warn,tag	558578	Starting new line with lowercase letters	good_faith_orthography	although there’s the comment “Test whether starting a new line with small letters is unique to vandalism. […] Exceeded my expectations. High catch rate with nearly no FPs. Turn to warn and tag for now. -Sole Soul”
12	225	0	0	1	0	0	default	20180807154519	disallow	482872	Vandalism in all caps	profanity_vandalism	judging the comments, the filter has changed substantially
13	50	0	0	1	0	0	default	20181018234925	warn,tag	480960	Shouting	not_polite	alternative tags: ‘general_vandalism’, ‘good_faith_orthography’
14	189	0	0	1	0	0	default	20160629222729	tag	466012	BLP vandalism or libel	personal_attacks	
15	132	0	0	1	0	0	default	20170514124337	warn,tag	420273	Removal of all categories	good_faith_deletion	or maybe introduce ‘good_faith_categories’? good_faith is selected bc of the filter actions
16	380	1	0	1	0	0	default	20181103012136	disallow	394328	Multiple obscenities	profanity_vandalism	
17	231	0	0	1	0	0	default	20181203165338	warn,tag	380302	Long string of characters containing no spaces	silly_vandalism	in the meantime set to ‘disallow’
18	364	1	0	1	0	0	default	20170514124359	tag	368604	Changing the name in a BLP infobox	hoaxing	what else could it be targeting? It is generally allowed to change a name of a person, they could rename themselves or marry or similar; or the editor could be fixing a typo. But we don’t want to catch any of these; yeah well, depending on what it is changed to, code can also be ‘personal_attack’ or ‘silly_vandalism’; maybe just pick ‘general_vandalism’?
19	46	0	0	1	0	0	default	20181023193500	disallow	356945	"""Poop"" vandalism"	profanity_vandalism	
20	98	0	0	1	0	0	default	20180802160245	tag	339401	Creating very short new article	good_faith_article_creation	
21	220	0	0	1	0	0	default	20170514124344	warn,tag	303179	Adding external images/links	good_faith_external_resources	this actually is aimed at helping good faith new users and warn them that external links and images don’t work
22	260	0	0	1	0	0	default	20181130204255	disallow	286852	Common vandal phrases	profanity_vandalism	although, strictly speaking, it’s not purely profanities, but also stuff like memes or other random stuff; it’s a lot of profanities though; it could be renamed to ‘general_vandalism’ or ‘silly_vandalism’
23	686	0	0	1	0	0	default	20170925141542		282934	IP adding possibly unreferenced material to BLP	hoaxing	could be also ‘biased_pov’, or, for simplicity ‘general_vandalism’
24	148	0	0	1	0	0	default	20160222132707	tag	242321	Users creating autobiographies	self_promotion	or ‘conflict_of_interest’ if I decide to merge ‘self_promotion’ in it; can also be ‘wiki_policy’ since it’s probably written down somewhere users shouldn’t be doing this
25	491	0	0	1	0	0	default	20170514124404	warn,tag	230416	Edits ending with emoticons or !	bad_style	
26	833	0	0	1	0	0	default	20171226170048		221466	Newer user possibly adding unreferenced or improperly referenced material	good_faith_refs	
27	712	0	0	1	0	0	default	20170514124418		209612	Possibly changing date of birth in infobox	hoaxing	or could be in theory correcting false information; but hoaxing is can potentially go wrong there; maybe better to make a “general_tracking” out of it though
28	79	0	0	1	0	0	default	20170514124330	warn,tag	205958	New user removing reference grouping tags	good_faith_refs	split from filter 61, according to notes
29	550	0	0	1	0	0	default	20180412174000	tag	202352	nowiki tags inserted into an article	unclear	I don’t understand what the problem is with this
30	149	0	0	1	0	0	default	20171208034036	warn,tag	194824	User adds link containing username	self_promotion	or ‘conflict_of_interest’ (according to warning msg this targets for instance people working for organisations)
31	29	0	0	1	0	0	default	20181018234133	tag	186026	New user removing speedy deletion templates	good_faith_template	could also be ‘avoidant_vandalism’ but action is not ‘disallow’, so I opt for a good_faith label
32	344	0	0	0	1	0	default	20160614031628	warn	180995	Prevent full page blanking	good_faith_deletion	opt for good_faith bc of action
33	180	0	0	1	0	0	default	20171025200431	tag	175939	Large unwikified new article	good_faith_wiki_syntax	according to comments, often sign of ‘copyright_violation’
34	351	0	0	1	0	0	default	20170514124357	warn,tag	171171	Text added after categories and interwiki	good_faith_wiki_syntax	
35	391	0	0	1	0	0	default	20170514124402	tag	163579	Changing height/weight in an infobox	hoaxing	potentially
36	402	0	0	0	1	0	default	20130404080808		155133	New article without references	good_faith_refs	could be also ‘good_faith_article_creation’
37	320	0	0	1	0	0	default	20181023193636	disallow	152994	"""Your mom"" Vandalism"	profanity_vandalism	'personal_attacks’ is also a good candidate
38	39	0	0	1	0	0	default	20181020203444	warn,tag	150568	School libel and vandalism	profanity_vandalism	introduce ‘libel’ as code? It is also kind of like a personal_attack but towards an organisation..
39	18	0	0	0	1	0	default	20120202004352		133641	Test type edits from clicking on edit bar	good_faith_test_edits	
40	631	0	0	1	0	0	default	20170514124409	tag	132044	Extraneous toolbar markup	good_faith_test_edits	Although here the result is similar to above, but the editors’ intention is not necessarily to test, but it was more of an accident; maybe ‘general_maintenance’?
41	12	0	0	1	0	0	default	20170606215509	disallow	122756	Replacing a page with obscenities	profanity_vandalism	
42	247	1	0	1	0	0	default	20180412174428	warn,tag	121192	Adding emails in articles	doxxing	
43	80	0	0	1	0	0	default	20190104180905	throttle,warn,tag	119104	Link spamming	spam	
44	354	1	0	1	0	0	default	20181125142759	tag	115814	Promotional text added by user to own user(-talk) page	self_promotion	
45	11	0	0	1	0	0	default	20181018194241	warn,tag	109657	You/He/She/It sucks	profanity_vandalism	or personal_attacks?; it was interestingly renamed to “Warn and tag vandalism”
46	499	1	0	1	0	0	default	20150819133615		106559	Possible spambot or promotional username	spam	'personal_attacks’ is also a good candidate
47	680	0	0	1	0	0	default	20181023195329	disallow	95242	Adding emoji unicode characters	general_vandalism	I think it was something along the lines of ‘bad_style’ by the 1st labeling; the action is ‘disallow’ though and I looked at some edits from the log and all of them are definitely vandalism
48	34	1	0	1	0	0	default	20181018234459	disallow	93880	New or unregistered user blanking someone else's user or user talk page	hidden_vandalism	alternative tags: ‘personal_attacks’ (someone else’s page) or ‘talk_page_vandalism’ (but it’s also user page, not only talk page)
49	752	1	0	1	0	0	default	20170514124428		93854	Possible spamming of references	spam	as per name; alternatively: ‘hidden_vandalism’
50	271	1	0	0	1	0	default	20181104190824	warn	91822	Possible spambot	spam	as per name; alternatively: ‘bot_vandalism’
51	614	1	0	1	0	0	default	20190101052937	disallow	90578	Yolo swag and other vandalism trends	hidden_vandalism	(in the meantime, the filter is not hidden anymore; there’s a blacklist of “trendy” words, mostly memes, etc.; in this case, this could be ‘general_vandalism’ or maybe ‘silly_vandalism’
52	188	0	0	0	1	0	default	20150212173350		86463	Creating articles with a title containing or contained in username	conflict_of_interest	
53	339	0	0	1	0	0	default	20170514124352	tag	86338	Claims of homosexuality, bisexuality, or transexuality in a BLP	personal_attacks	could be also ‘hoaxing’, although sexaulity claims are mostly meant in an insulting fashion
54	365	0	0	1	0	0	default	20181023193820	disallow	85470	Unusual changes to featured or good content	general_vandalism	
55	65	0	0	0	1	0	default	20100106173457		74098	Excessive whitespace	bad_style	as per “Excessive amounts of whitespace is associated with ascii art and some other forms of vandalism.” (comments); now deleted
56	325	0	0	0	1	0	default	20120808231331	disallow	73942	!!!!! in the article-space	bad_style	now deleted
57	285	0	0	0	0	0	default	20160911181242	disallow	73902	Common Vandalism	profanity_vandalism	deleted: “Disabling. Merged one rule into 384, now everything this filter captures should be handled by 380, 384, 614 and others ~MA 2016.09.11”
58	126	0	0	1	0	0	default	20160713155301		65137	Youtube links	spam	Alternatves: ‘general_vandalism’;link_vandalism;  In the meantime disabled: “Disabling. Looks like this filter was originally for tracking/stopping socks, but it doesn't appear to be doing that now (or anything else). (revert if this is still being used). -G 2019-03-04”
59	129	0	0	0	1	0	default	20150212173327		64869	Possible tireless sock creating film pages of non-existing films	sockpuppetry	alternative tags: ‘hoaxing’ (non-existing films)
60	423	0	0	0	1	0	default	20160614032412		64591	WikiLove	general_tracking	
61	33	0	0	1	0	0	default	20181018234422	warn,tag	60707	Talk page blanking by unregistered/new user	good_faith_deletion	alternatives: ‘talk_page_vandalism’ (but I opted for this because of the action)
62	270	0	0	0	1	0	default	20170509185805	tag	56352	Interwiki link removal	general_maintenance	Maybe “link_vandalism” more suitable? (comments “Addresses cross-wiki vandalism coming from German Wikipedia.”) Or even introduce ‘cross_wiki_vandalism’?
63	867	0	0	1	0	0	default	20181018194458		51805	Large creations by inexperienced user	good_faith_article_creation	
64	346	0	0	1	0	0	default	20170514124354	warn,tag	49652	Large non-English contributions	good_faith_test_edits	Or also “good_faith_article_creation”; I don’t quite understand the heuristic they use to supposedly check the language, but based on actions, I think the label should be one of the 2
65	458	0	0	0	1	1	default	20140303202151	disallow	46898	Feedback: Extremely short post	general_vandalism	because of the disallow; ah, so apparently you can give feedback on articles; and if it’s under 10 chars (in the current filter’s version) it’s disallowed; because it’s not very useful feedback; for me this sounds more like good_faith_feedback, to be honest
66	806	1	0	1	0	0	default	20181012022640	throttle	46840	New account suspicious activity	hidden_vandalism	
67	803	0	0	1	0	0	default	20181023223916	disallow	46756	Prevent new users from editing other's user pages	personal_attacks	
68	117	0	0	1	0	0	default	20160614004645	tag	43822	removal of Category:Living people	good_faith_deletion	if we don’t want to create new labels; otherwise it could be “good_faith_categories”; it could also be personal_attack or hoaxing, if we assume malicious intent of the editor;
69	316	1	0	1	0	0	default	20150218175744	throttle	43756	Subtle changes to articles	hidden_vandalism	
70	368	0	0	0	1	0	default	20150212173530	warn	42952	Making large changes when marking the edit as minor	good_faith_edit_summary	now deleted; could be maliciously trying to hide vandalism edit
71	249	0	0	1	0	0	default	20180328195529	throttle,tag	41712	New user conducting large scale reverts	good_faith_revert	in the meantime the pattern just checks if non-confirmed users are leaving summaries containing “undid/undo/revert”
72	9	0	0	0	0	0	default	20181018194855		41354	Personal attacks by unregistered or new user	personal_attacks	
73	1	0	0	0	0	0	default	20181017165127		40258	General test filter	test	
74	466	1	0	1	0	0	default	20161229063919	warn,tag	38064	Userspace & talk page spamming	spam	
75	753	0	0	1	0	0	default	20160407115749	tag	36983	wikilinks removed by a new user or IP	good_faith_wiki_links	although comments say “Filter to create tag for when a new user or IP removes wikilinks from an article, to flag potential edits by IP hopping redlink removal vandal. - Coffee”
76	58	1	0	1	0	0	default	20190106084020	disallow	35223	Long-term pattern abuse	long_term_abuse	
77	31	1	0	1	0	0	default	20171016132909	disallow	34966	ASCII art	hidden_vandalism	or bad_style? What is it about ASCII art (apart from being terribly unencyclopedic, except in the article about ASCII art?) why is this filter hidden?
78	164	0	0	1	0	0	default	20150218122411	tag	34351	Possible cut and paste moves	good_faith_wiki_syntax	the problem is in the end, that sometimes HTML markup is copied along; but I won’t introduce a new tag for the moment
79	716	0	0	1	0	0	default	20151205214255		34135	New user tagging or de-tagging article as FA/GA	general_vandalism	or general_tracking; used to be set to “disallow” but they reverted to “log only” because of too many false positives
80	96	0	0	0	1	0	default	20150212173317		33114	Newly created articles that don't mention their subject	good_faith_article_creation	users forgot to give the article a title? Or what is that?
81	167	0	0	1	0	0	default	20150724165931	warn	32972	Botched submissions to Articles for creation	good_faith_wiki_syntax	Or wiki_policy
82	323	0	0	1	0	0	default	20160614005551	tag	31881	Undoing anti-vandalism bot	avoidant_vandalism	(if it wasn’t a bug with the bot the editor reverted in good faith);
83	613	0	0	0	1	0	default	20160614035203	warn,tag	28327	Signing in article	wiki_policy	or bad_style?
84	728	0	0	0	1	0	default	20151006132227	tag	25869	Huggle	general_tracking	
85	627	0	0	1	0	0	default	20181125143134	tag	24764	Promotional text added by user to draft in own user(-talk) page or in draft namespace	conflict_of_interest	
86	846	0	0	1	0	0	default	20170406020700	tag	24283	LTA tracking	long_term_abuse	
87	623	1	0	0	1	0	default	20160614035424	disallow	24030	Signing in articles II	wiki_policy	or bad_style?, see filter 613 too
88	664	0	0	1	0	0	default	20181111001413	warn	22539	Test edits	good_faith_test_edits	
89	342	0	0	0	1	0	default	20160614031603		21810	Redirect becoming article	unclear	I don’t understand what the problem is with this
90	657	0	0	1	0	0	default	20150923100538	warn,tag	21684	Adding an external link to a disambiguation page	wiki_policy	
91	113	0	0	1	0	0	default	20181111001344	warn,tag	20885	Misplaced #redirect in articles	good_faith_wiki_syntax	“Back to warn, no reason to deny it, we can't deny all incorrect syntax, so no reason to try to catch this one case -P” is this an example for misusing a filter? (as per no filter should be catching trivial formatting mistakes)?
92	711	0	0	1	0	0	default	20171009011036		20699	Dead link replacement	spam	or seo (comment: “See [[WP:DEADLINKSPAM]] - Popular SEO tactic where dead links are replaced with spam links. --Samwalton9, 21 July 2015”), but we don’t have any “seo” labels so far and we could keep it that way
93	460	0	0	0	1	0	default	20140303202225	disallow	20505	Feedback: Foul words	personal_attacks	
94	59	0	0	1	0	0	default	20181018235413	tag	19938	New user removing templates on image description	good_faith_template	due to action
95	174	0	0	1	0	0	default	20170514124342	warn,tag	19223	New user removing XfD template	good_faith_template	due to action, but could also be “avoidant_vandalism”
96	520	0	0	0	1	1	default	20140303202339	disallow	18596	Feedback: No punctuation or spaces	bad_style	
97	397	1	0	1	0	0	default	20181108195959	disallow	18114	Userpage vandalism	hidden_vandalism	personal_attacks maybe too
98	155	0	0	0	1	0	default	20090928230926		17517	Adding links to youtube	general_tracking	maybe ‘wiki_policy’? I’m not quite clear on why this is problematic
99	782	0	0	1	0	0	default	20181023223745	disallow	16702	Content Translation Edits	unclear	I don’t understand what the problem is with this
100	655	0	0	1	0	0	default	20160520185734	tag	16051	Large plot section addition	general_tracking	probably the justification for this is potential hoaxing, I’m not quite sure; ‘unclear’ is another possibility for a label
101	602	0	0	1	0	0	default	20180331105543	warn,tag	15758	Arbitration discretionary sanctions alerts	unclear	if I understand correctly, the purpose of this template is to corteously alert a user they were a subject to sanctions; however, why there is a filter for this  is beyond me
102	205	1	0	0	1	0	default	20110310110641		15519	Scibaby #1	hidden_vandalism	
103	106	0	0	0	1	0	default	20090830005331		14513	Date linking / delinking	hoaxing	the action used to be throttle for 3 months, then the filter was disabled; point is “prevent change of dates from a user who is not a regular contributor to a page”
104	2	1	0	0	0	0	default	20181008172604		14104	Test filter: for testing private filters	test	
105	51	1	0	1	0	0	default	20181230024907		14060	LTA Username / LTA IP hopping disruption (Oshwah)	long_term_abuse	
106	224	0	0	1	0	0	default	20170910203050	tag	13895	Copyvio tag removal	good_faith_deletion	potentially, it’s avoidant_vandalism
107	420	0	0	1	0	0	default	20181211033934	throttle,disallow	13874	Large removal of talk page content by IP	talk_page_vandalism	
108	345	0	0	1	0	0	default	20160614031816	warn,tag	13832	Extraneous formatting from browser extension	bug	
109	733	0	0	1	0	0	default	20151102053740		13770	New user creating a page in someone else's userspace	good_faith_userpage	
110	554	0	0	1	0	0	default	20181023194722	disallow	13394	top100 blog charts	spam	alternatives: ‘wiki_policy’ or ‘bad_style’ (or introduce ‘unreliable_sources’, since I think that’s the problem here)
111	630	1	0	1	0	0	default	20150725140936	tag	13025	New users de-userfying pages	hidden_vandalism	
112	28	0	0	0	1	0	default	20100106173322		12264	New user redirecting an existing substantial page or changing a redirect	general_tracking	Or maybe the intention was to catch ‘page_move_vandalism’ deleted, since: “Terrible run time + not catching much useful + filter is overwrought now = disabling.  -Wknight94”
113	366	0	0	0	1	0	default	20110310111443		12257	Addition of seemingly random characters	good_faith_test_edits	was log only; eventually merged into filter 135
114	819	1	0	0	0	0	default	20190104180937	throttle	12207	Derp vandal	hidden_vandalism	
115	837	0	0	1	0	0	default	20170208212523		12174	Removal of disambiguation templates by new users	good_faith_template	
116	102	1	0	1	0	0	default	20181128153750	disallow	11903	Abusive account names	hidden_vandalism	
117	532	0	0	0	1	0	default	20160614033920	tag	11857	Interwiki Addition	general_tracking	or ‘unclear’; not quite sure what the intention of this filter was
118	559	1	0	1	0	0	default	20170514124407		11787	archive.is additions	hidden_vandalism	
119	825	1	0	0	0	0	default	20180424212713		11749	Descent category added	hidden_vandalism	
120	77	1	0	0	1	0	default	20160818205501	warn	11528	Various ASCII Vandals	hidden_vandalism	
121	76	0	0	0	1	0	default	20150212173255	warn	11033	Adding email address	doxxing	potentially
122	394	0	0	0	1	0	default	20120808231420		10996	Extremely short article creation	good_faith_article_creation	was only enabled for 2 weeks
123	409	0	0	0	1	0	default	20120808231558		10880	news sources on BLPs	bad_style	or ‘unreliable_refs’ (this is about daily mail in BLP articles)
124	773	1	0	0	0	0	default	20181220031744		9990	TNT's test filter	test	
125	890	0	0	1	0	0	default	20181207113011	warn,disallow	9932	Random typing in username	username_vandalism	
126	697	0	0	0	0	0	default	20151230224636		9807	User making large contribution with first edits	good_faith	or ‘general_tracking’; or ‘conflict_of_interest’ as per comments: “Testing if this is useful to monitor; may suggest a paid article, most I've seen are created in one go in an account's first edits. --Samwalton9, 13 June 2015  This is useful, but I don't think anyone's tracking it so disabling for now. --Samwalton9, 30 Dec 2015”
127	218	0	0	0	1	0	default	20150212173428		9802	User adding xx/xx/xxxx probably a date	unclear	never really acted upon and deleted after 3 months; Or maybe ‘good_faith’? The point is apparently that this is ambiguous as a date format
128	483	1	0	0	1	0	default	20160614033218		9357	Users creating own talk	hidden_vandalism	although I’m really confused as to why it is bad to write on the own talk page
129	163	0	0	0	1	0	default	20181104190423	warn,tag	9289	Redirect to non-existent page	good_faith_redirect	
130	784	0	0	1	0	0	default	20170419165539	disallow	9265	Harambe vandalism	general_vandalism	or silly_vandalism? It is definitely viewed as vandalism by the edit filter managers, although I’m not quite sure in which category it falls..; maybe it can be part of a potential ‘meme_vandalism’ or similar
131	735	0	0	1	0	0	default	20170514124421	tag	9005	Vandalising sport infobox	hoaxing	I think it fits best, since it’s often not really obvious that it’s bollocks
132	531	0	0	0	1	0	default	20160614033912	tag	8856	Interwiki Removal	general_tracking	or introduce interwiki_tracking? There was the interwiki addition filter as well..
133	81	0	0	0	1	0	default	20150625141029		8491	Badcharts	spam	or ‘unreliable_refs’; or ‘bad_style’; compare with the top100charts filter
134	878	0	0	1	0	0	default	20180416160027	tag	8290	New user removing COI template	good_faith_template	
135	521	0	0	0	1	0	default	20140303202349	disallow	8149	Feedback: All caps	not_polite	or personal_attacks
136	478	1	0	1	0	0	default	20181213063717	disallow	7862	Talk page abuse	talk_page_vandalism	
137	875	1	0	0	0	0	default	20190104181008	warn	7585	Derp II	hidden_vandalism	
138	912	0	0	1	0	0	default	20181230045936	warn,tag	7505	"Possible ""fortnite"" vandalism"	silly_vandalism	ok, so fortnite appears to be a video game; or ‘general_vandalism’ or ‘meme_vandalism’
139	643	1	0	1	0	0	default	20181127140355	throttle	7109	Persistent sockpuppetry	sockpuppetry	
140	261	1	0	0	0	0	default	20170928195215	throttle,disallow	6548	Page creation throttle for new users	hidden_vandalism	I don’t have ‘page_creation_vandalism’ anyway
141	183	0	0	0	0	0	default	20150212182934	warn	6545	AFC submissions in wrong namespace	good_faith_article_creation	or good_faith_procedure
142	473	0	0	0	1	0	default	20140303202257	disallow	6369	Feedback: Repeating characters	silly_vandalism	
143	410	0	0	0	1	0	default	20120808231603		6285	blog added to BLPs	bad_style	unreliable_sources
144	905	0	0	0	1	0	default	20180415235317		6267	bots that may ping users	general_tracking	or bot_tracking?
145	313	0	0	0	1	0	default	20150212173457	warn	6259	Skype Toolbar Formatting	bug	
146	425	1	0	1	0	0	default	20170111031407		6209	Magic/astrology spambots	bot_vandalism	
147	796	1	0	1	0	0	default	20190103105102	throttle,disallow	6029	Possible Ref Desk disruption	hidden_vandalism	
148	97	0	0	0	1	0	default	20090807112403		5973	Personal attacks by new user	personal_attacks	
149	869	0	0	1	0	0	default	20180828225237	warn	5855	"Adding ""Daily Mail"" to articles"	bad_style	unreliable_sources
150	294	1	0	1	0	0	default	20150818185048	disallow	5395	Personal attacks	personal_attacks	
151	702	0	0	1	0	0	default	20171210235420	warn	5302	Warning against clipboard hijacking	good_faith	or good_faith_hijacking ? Or maybe maintenance?
152	152	0	0	0	1	0	default	20090928230917		5148	External links with referal tags	general_tracking	was only enabled for 4 months; “WP:RAF.  Create a log of external links with referal id tags in them.  Disable, appears to be inactive (log only filter). If you are using this filter, please let me know, and I'll reenable it -Prodego “
153	139	1	0	1	0	0	default	20181023224247	disallow	5135	Fixed position vandalism	hidden_vandalism	
154	463	1	0	0	1	0	default	20140303202236	disallow	4965	Feedback: Adding email addresses	doxxing	
155	632	0	0	1	0	0	default	20150714131905	tag	4839	Creating blank pages	good_faith_article_creation	in the meantime deleted: “Disable and delete. Filter is broken in that it tags edits that blank the page to 0 bytes, and since ACTPERM there are very few blank pages created, with Filter 98 tagging short article creations covering pretty much all that this does. -Galobtter 20190114”
156	874	1	0	1	0	0	default	20181219190423	disallow	4745	Long term abuse username / impersonation creations	long_term_abuse	additional tags: ‘impersonation’, ‘username_vandalism’
157	894	0	0	1	0	0	default	20180913023553	warn	4625	Possible Self-Published Sources	wiki_policy	or bad_style, biased_pov, conflict_of_interest
158	887	0	0	1	0	0	default	20181105103817	warn,disallow	4589	Excessive repetition in usernames	username_vandalism	
159	895	1	0	0	0	0	default	20180927230229		4577	Possible spambot username	hidden_vandalism	
160	5	0	0	1	0	0	default	20181018194804	warn,tag	4558	User self-renaming or moving user talk pages into article talk space	good_faith_move	
161	524	0	0	0	1	0	default	20160614033823		4502	Interwiki bot	bot_vandalism	is what seems to have been targeted, in the meantime obsolete: “Disabled, all bad interwiki bots are long gone – addshore”
162	435	0	0	0	1	0	default	20120906154650	warn	4380	Non-confirmed user adding protection template to a page	good_faith_template	bc of action and comment “Many of those are good faith users who think that adding the template will protect the page. Log only. -Sole Soul”
163	789	1	0	0	0	0	default	20180412180509		4375	BethNaught's test filter	test	
164	464	1	0	1	0	0	default	20160614010306	warn	4290	Possible open proxy	wiki_policy	open proxies are forbidden: https://en.wikipedia.org/wiki/Wikipedia:WikiProject_on_open_proxies
165	68	1	0	1	0	0	default	20181023224224	throttle,disallow	3905	Pagemove throttle for new users	page_move_vandalism	as per disallow action and title; otherwise ‘hidden_vandalism’
166	238	0	0	0	1	0	default	20100217195031		3857	New article without normal opening sentence	good_faith_article_creation	or good_faith_content ? Or good_faith_style ? Or simply bad_style ?
167	573	0	0	0	1	0	default	20160614034544		3718	Multiple blank lines	good_faith	or general_maintenance ? See comment “Looks for multiple blank lines.  Appears to happen more often with VisualEditor.”
168	497	0	0	0	1	0	feedback	20130108151106	disallow	3660	Feedback: Common Vandalism 5	personal_attacks	
169	17	1	0	0	1	0	default	20170509184817	tag	3563	Prolific socker II	sockpuppetry	
170	670	0	0	0	1	0	default	20150407175738		3514	New user removing references	good_faith_refs	
171	860	0	0	1	0	0	default	20181112215348	disallow	3451	Ryan Ross vandalism	silly_vandalism	or general_vandalism ?
172	105	0	0	0	1	0	default	20090928191623		3379	Hypothetical album releases	wiki_policy	“(WP:RAF) Detect the addition of hypothetical future album releases that usually violate WP:CRYSTAL and/or WP:V”
173	494	0	0	0	1	0	feedback	20130108151035	disallow	3325	Feedback: Common Vandalism 2	personal_attacks	
174	502	0	0	0	1	0	feedback	20130424011002	disallow	3280	Feedback: Extremely long words	silly_vandalism	
175	777	0	0	1	0	0	default	20171210164915		3149	End date present vandal	wiki_policy	"I actually don’t see the edits as vandalism, but maybe bad style? Why aren’t you supposed to do this? Because it’s unencyclopedic, since it’s unclear when “present” is? Then it’s  policy violation or bad style “Repurposed for a vandal that replaces end dates with ""present"" ~MA” – so filter used to have a somewhat different function"
176	579	1	0	1	0	0	default	20180923065811		3112	Possible sockpuppet account creations	sockpuppetry	
177	850	0	0	1	0	0	default	20170420153045	warn	3112	New user moving page to project space	good_faith_move	
178	322	1	0	0	1	0	default	20120203223448	throttle	3091	Null edits by new editors	hidden_vandalism	
179	289	0	0	0	1	0	default	20150212173453	warn	3051	New user creating interrogative pages	bad_style	
180	268	1	0	0	1	0	default	20150212173449	warn	2964	Red link vandalism	hidden_vandalism	or, in theory: ‘link_vandalism’ bc of the name
181	264	1	0	1	0	0	default	20170511025503	disallow	2919	Specific-page vandalism	hidden_vandalism	
182	52	1	0	1	0	0	default	20181006230705	disallow	2890	Edit summary vandalism II	hidden_vandalism	
183	590	0	0	0	0	0	default	20170414185610		2850	Unicode replacement characters	bug	dunno, it’s a unicode question mark in a square.. that’s probably in there by mistake because something else went wrong..
184	176	0	0	0	1	0	default	20090928230931		2820	user space link added in article space	good_faith	maybe a special category for mixing up user and article space? I think this happens somewhat often..
185	721	1	0	1	0	0	default	20171002133237	disallow	2770	Armenian football vandal or similar	hidden_vandalism	
186	593	0	0	0	1	0	default	20140102185042		2764	Monitor addition of archive.org	general_tracking	I’m not quite certain why is this an issue; I thought archive.org is a legit archiving mechanism?
187	495	0	0	0	1	0	feedback	20130108151045	disallow	2697	Feedback: Common Vandalism 3	personal_attacks	or profanity_vandalism ; but since it’s in feedback, I’d say it’s more personal
188	479	0	0	0	1	0	default	20160614033123	warn	2692	Adding example.jpg to article space	good_faith	it’s not exactly test edit (or not necessarily); it’s most probably an oversight
189	783	0	0	1	0	0	default	20170418154458	warn	2677	Adding {{persondata}}	good_faith_template	apparently a deprecated template or similar, but some long-term editors still attempt to add it
190	496	0	0	0	1	0	feedback	20130108151054	disallow	2658	Feedback: Common Vandalism 4	personal_attacks	
191	403	1	0	0	1	0	default	20130404080817		2605	Inappropriate use of userpage	hidden_vandalism	
192	53	0	0	0	1	0	default	20090423131929		2595	trademark/copyright symbols	spam	or copyright_violation, see comments “These should almost never be used in articles and are usually spam and/or copyvios”
193	840	0	0	0	0	0	default	20181008213422		2532	Indexing user pages	self_promotion	or promotion in general, see “Support this, as a good way to catch low-flying promotional content. CrowCaw 00:01, 20 February 2017 (UTC)” https://en.wikipedia.org/w/index.php?oldid=766629914#User_space_indexing
194	242	1	0	1	0	0	default	20150219194933	throttle,disallow	2531	Redirecting a substantial existing page - new user throttle	hidden_vandalism	
195	898	1	0	1	0	0	default	20180414083948		2343	Cyp test filter	test	
196	904	0	0	0	1	0	default	20180406183614		2338	Long edit summaries	general_tracking	“I think we have enough data. Disabling ~MA”: so this was just in order to get sense for something
197	861	0	0	1	0	0	default	20181224172959		2256	Crow test filter	test	
198	732	1	0	0	1	0	default	20170402074526	disallow	2195	Chinese spam attack?	spam	
199	233	1	0	0	1	0	default	20101104003357	disallow	2189	Targeted user talk vandalism	hidden_vandalism	
200	239	0	0	0	1	0	default	20091127160915	disallow	2189	Huge repeating/nonsense characters	silly_vandalism	
201	159	1	0	0	1	0	default	20170402073529	throttle,disallow	2171	Mascot Guy Sock Candidates	sockpuppetry	
202	472	0	0	0	1	1	default	20140303202248		2133	Feedback: Addition of bad words	profanity_vandalism	
203	236	1	0	0	1	0	default	20110316135512		2116	Wknight94 test filter	test	
204	35	0	0	0	1	0	default	20090511155617		2093	New user changing a redirect	good_faith_redirect	
205	23	1	0	0	1	0	default	20160812194609		2075	Some vandal phrases	hidden_vandalism	
206	935	1	0	1	0	0	default	20180923090952		2056	"""ntsamr""-pattern spambot filter"	hidden_vandalism	or ‘bot_vandalism’; or ‘spam’
207	637	1	0	0	0	0	default	20190103014127		2040	MusikAnimal test filter	test	
208	16	1	0	0	1	0	default	20170509184759	throttle,disallow	2005	Prolific socker I	sockpuppetry	
209	273	1	0	0	1	0	default	20120808231233	disallow	1980	Repeated obscenities	profanity_vandalism	or hidden_vandalism
210	813	1	0	1	0	0	default	20170605190253	disallow	1879	Bee movie script	silly_vandalism	not hidden anymore, merged to 614
211	766	0	0	1	0	0	default	20181209191741	warn,tag	1866	Alt-right labeling	politically_motivated	
212	667	1	0	1	0	0	default	20181007162410		1843	Wikipedia:Long-term abuse/Best known for IP	long_term_abuse	
213	768	1	0	1	0	0	default	20171028174754	disallow	1781	AIV disruption	hidden_vandalism	
214	826	1	0	1	0	0	default	20170206164424	throttle,disallow	1748	Image flag vandal	hidden_vandalism	or ‘image_vandalism’ ? (not quite sure what ‘image flag’ is
215	179	1	0	0	1	0	default	20120808231218	disallow	1617	Ongoing attacks	hidden_vandalism	
216	756	1	0	0	0	0	default	20190104181541	disallow	1601	Banned user vandalism	hidden_vandalism	
217	926	1	0	1	0	0	default	20190103224137	disallow	1574	Image vandalism II	image_vandalism	as per name
218	942	0	0	1	0	0	default	20181128042048		1573	Log edits to protected pages	general_tracking	
219	577	0	0	0	1	0	default	20150212173614		1566	VisualEditor bugs: Strange icons	bug	
220	24	0	0	0	1	0	default	20150212173232		1538	Sneaky link vandalism	link_vandalism	as per name
221	280	0	0	0	1	0	default	20100131230039		1525	New user altering images	good_faith_image	or general_tracking ?
222	257	1	0	0	1	0	default	20170511024816	disallow	1505	Sonichu and other repeat vandalism	hidden_vandalism	
223	620	1	0	0	1	0	default	20160614035352		1498	archive removal by disruptive editors	hidden_vandalism	
224	740	1	0	1	0	0	default	20171106152842		1461	Template hijacking	template_vandalism	
225	408	1	0	0	1	0	default	20120808231552		1441	really long talk post	hidden_vandalism	the name sound quite innocent though^^
226	921	0	0	1	0	0	default	20180703035104	tag	1422	Suspicious claims of nazism	politically_motivated	or personal_attacks ?
227	475	0	0	0	1	0	feedback	20131003210159		1390	Feedback: Vandalism or libel	personal_attacks	
228	358	1	0	0	0	0	default	20151220123259		1358	Od Mishehu's test filter	test	
229	619	1	0	0	0	0	default	20150204222535		1326	Possible covert vandalism	hidden_vandalism	
230	652	1	0	0	0	0	default	20180412165059	warn,disallow	1326	Jajadelera	hidden_vandalism	
231	194	0	0	0	1	0	default	20090721035726		1309	Michael Jackson new page vandalism	general_vandalism	filter created on MJ’s death day, since vandalism was apparently expected (not sure how to classify it); a lot of hits seem to be false positives though
232	151	0	0	0	1	0	default	20150212173345		1294	Inappropriate Redirects	good_faith_redirect	
233	891	0	0	1	0	0	default	20180328194850	warn,tag	1289	Predatory open access journals	good_faith_refs	
234	892	0	0	1	0	0	default	20181023224029	disallow	1245	RS linked through proxy	wiki_policy	link_vandalism or spam ? Comments suggest it’s not on purpose..
235	119	0	0	0	1	0	default	20090928191653		1243	Macedonia naming conflict	politically_motivated	or possibly edit_warring? Look at pattern!
236	474	0	0	0	1	1	default	20160911183030	disallow	1222	Feedback: Comment with only obscenities	personal_attacks	
237	47	1	0	0	1	0	default	20160813233958	disallow	1206	Prolific sockpuppeteers	sockpuppetry	
238	684	1	0	0	0	0	default	20181018171737	disallow	1192	temporary vandalism	hidden_vandalism	
239	930	0	0	1	0	0	default	20181023224118	disallow	1165	Prevent indexing userspaces by newer users	self_promotion	Compare with 840; or promotion in general, see “Support this, as a good way to catch low-flying promotional content. CrowCaw 00:01, 20 February 2017 (UTC)” https://en.wikipedia.org/w/index.php?oldid=766629914#User_space_indexing
240	793	1	0	1	0	0	default	20190105142358	disallow	1155	Common spam/scam phone numbers	hidden_vandalism	'hoaxing’ ? ‘spam’ ? What would it be, if the numbers were not hidden?
241	675	0	0	0	1	0	default	20160614040653	disallow	1107	Thems the facts vandalism	trolling	see https://news.clickhole.com/man-on-a-mission-this-man-is-adding-and-them-s-the-fa-1825121199
242	877	1	0	0	0	0	default	20180814223233		1084	test filter 4	test	
243	253	0	0	0	1	0	default	20091127160929	warn	1015	Signing a non-discussion page	wiki_policy	
244	134	0	0	0	1	0	default	20090708123137		991	Template deletion notifications transcluded into articles	unclear	I don’t quite understand this one; is the problem that users didn’t want template to be evaluated in articles?; could be ‘good_faith_template’, ‘template_vandalism’, ‘bug’, ‘general_maintenance’ or ‘general_tracking’
245	755	1	0	0	0	0	default	20190104181502		981	LTA trolling	long_term_abuse	or “trolling”
246	7	1	0	0	1	0	default	20160812192554		972	AnonTalk	hidden_vandalism	
247	834	1	0	0	1	1	default	20170204214625		961	Possible attacks on other users	personal_attacks	
248	879	0	0	1	0	0	default	20181219090944	warn	943	Possible malformed edit	good_faith_wiki_syntax	
249	815	1	0	1	0	0	default	20170831173447	disallow	936	TV vandal	hidden_vandalism	
250	341	1	0	0	1	0	default	20160614031549	disallow	925	Persistent talk page abuse from IP ranges	talk_page_vandalism	or ‘hidden_vandalism’ ?
251	600	1	0	0	0	0	default	20150602162717	tag	924	Adding Image to Template	hidden_vandalism	
252	934	0	0	0	1	0	default	20181107195116	disallow	915	Unconfirmed users creating mainspace articles	general_vandalism	
253	529	0	0	0	1	0	default	20150625141130	warn,disallow	913	chartnews	wiki_policy	'unreliable_sources’ ?
254	534	1	0	0	0	0	default	20151231173918	disallow	912	Preuss filter	hidden_vandalism	
255	859	1	0	0	1	0	default	20181104194110	disallow	856	LTA #859	long_term_abuse	
256	477	1	0	0	1	0	default	20160614032941	warn	854	Chinese pattern spambots	bot_vandalism	or ‘spam’; or ‘hidden_vandalism’
257	899	0	0	1	0	0	default	20180412201446		826	"Adding ""The Sun"" or ""Dailystar"" to BLPs"	wiki_policy	'unreliable_sources’; or ‘biased_pov’
258	739	1	0	1	0	0	default	20170416123534	disallow	821	User talk vandal	talk_page_vandalism	or ‘hidden_vandalism’ ? Or ‘personal_attacks’ since it’s on user talk page
259	398	1	0	0	0	0	default	20180426150503	throttle	802	Test filter 398	test	
260	485	0	0	0	1	0	default	20160614033239	warn	797	Prevent malicious edits by browser extension	silly_vandalism	bc of pattern that gets added; otherwise I would’ve given it ‘bug’
261	422	1	0	0	0	0	default	20150625143905	disallow	794	Possible template vandalism	template_vandalism	
262	388	1	0	0	1	0	default	20150212173548		783	Unusual redirect III	hidden_vandalism	
263	405	1	0	0	1	0	default	20160614032241		776	Verizon vandal	hidden_vandalism	
264	708	0	0	0	0	0	default	20151104174320		765	SPI page moves	avoidant_vandalism	bc of content; otherwise I would’ve given it ‘general_tracking’ or ‘good_faith’ smth
265	543	1	0	0	1	0	default	20130402134200		754	XKCD April Fools' Day 2013 vandalism	hidden_vandalism	otherwise I’d say “prank” ?
266	872	1	0	0	0	0	default	20180711125807	disallow	748	SK Sock	sockpuppetry	
267	941	1	0	0	0	0	default	20181114151253	disallow	747	proxy abuse	hidden_vandalism	or ‘wiki_policy’ (or introduce own ‘proxy’ tag?)
268	812	0	0	1	0	0	default	20161212220959	disallow	726	Unreasonably large addition of content	general_vandalism	or probably ‘silly_vandalism’ what else could be getting added that’s so huge
269	915	1	0	1	0	0	default	20190104181216		719	Personal testing filter for Cyberpower678	test	
270	762	1	0	1	0	0	default	20180126230139	disallow,tag	716	TV/Movie spammer	spam	as per name
271	642	0	0	1	0	0	default	20181023194832	disallow	712	OTRS template added by non-OTRS member (global)	unclear	Or ‘template_vandalism’? But is this always vandalism? OTRS = Open-Source Ticket Request System;
272	146	1	0	0	1	0	default	20120808231158		710	Keith Bridgeman vandalism	hidden_vandalism	
273	856	0	0	1	0	0	default	20180412170902		687	Non-admin removing revdel templates	good_faith_template	
274	99	0	0	0	1	0	default	20090408125315		686	Edits to an other user's userspace	impersonation	Is maybe what they were looking for? Alternatives here: “general_vandalism”, “not_polite”, “general_tracking”; not quite sure what they were trying to achieve, but filter was recognised as unhelpful and deleted 13 days after its inception
275	651	1	0	1	0	0	default	20150826005013	warn,disallow	685	AfricaTanz	hidden_vandalism	
276	433	1	0	0	1	1	default	20120808231801		684	University of Oklahoma spelling vandal	hidden_vandalism	
277	624	1	0	0	0	0	default	20180424211305		680	CheckUser Sock block	hidden_vandalism	not quite sure from the name only what exactly is meant, so stick with the more general label
278	946	1	0	1	0	0	default	20190104123050	throttle,warn	657	LTA 946	long_term_abuse	
279	918	1	0	1	0	0	default	20180912233708		650	LTA 918	long_term_abuse	
280	563	1	0	0	1	0	default	20160614034434		643	Graham W Phillips	hidden_vandalism	
281	765	0	0	0	0	0	default	20171025201214	tag	620	Unnecessary syntax in translated articles	good_faith_wiki_syntax	alternative: ‘bug’, ‘general_tracking’
282	799	1	0	1	0	0	default	20181216194154	throttle,disallow	610	Ref Desk Nazi	hidden_vandalism	
283	601	1	0	0	0	0	default	20150218071840	disallow	606	Colton Cosmic	hidden_vandalism	
284	864	1	0	1	0	0	default	20180128000704	disallow	601	Kargbo Spammer	spam	as per name
285	123	0	0	0	1	0	default	20120808231142	warn,disallow	599	New users moving other users' pages	page_move_vandalism	is in the meantime hidden;
286	445	1	0	0	1	0	default	20130404081019	throttle,disallow	596	Disruptive user threatening self harm	hidden_vandalism	name is quite descriptive, I’m not quite sure how I’d classify this otherwise though
287	519	1	0	0	0	0	default	20140407012139		588	Possible sockpuppets	sockpuppetry	
288	587	1	0	0	1	0	default	20140102185135	warn,disallow	585	Inappropriate external links	hidden_vandalism	alternatively: ‘link_vandalism’, ‘spam’
289	386	1	0	0	1	0	default	20110602033814	throttle	582	Throttle IP talk page creation	talk_page_vandalism	not quite satisfied with label, but don’t have a better idea either
290	880	1	0	1	0	0	default	20180626171659	disallow	572	Vote (X) for Change	hidden_vandalism	
291	269	1	0	0	1	0	default	20110310111002	warn,disallow	566	TFA Vandalism	hidden_vandalism	
292	526	0	0	0	1	0	default	20150625141156	warn	560	hot100brasil insertions	spam	or ‘unreliable_refs’, but till now I’ve labeled suspicious charts stuff as ‘spam’
293	436	1	0	0	1	0	default	20170402073639		557	Sole Soul's test filter	test	
294	786	1	0	0	1	0	default	20170120213451		555	LTA_Check-B13	long_term_abuse	
295	26	0	0	0	1	0	default	20090404191112		548	Large unwikified additions by new user	good_faith_wiki_syntax	
296	369	0	0	0	1	0	default	20110310111517		545	New user editing AFD discussions	good_faith_deletion	although it doesn’t fit completely, maybe more like ‘general_tracking’
297	804	0	0	0	1	0	default	20161111202340		543	Mentions of Trump by new users	general_tracking	
298	314	0	0	0	1	0	default	20120808231323	warn	532	User creates article ending with a /	good_faith_article_creation	
299	82	0	0	0	1	0	default	20100502011556	disallow	532	Nowiki on urls	general_vandalism	not quite sure where it best fits as a type of vandalism, but it’s definitely vandalism (“Using nowiki on URLs bypasses the blacklist and is apparently being exploited by vandals “)
300	195	0	0	0	1	0	default	20150212173400		532	Michael Jackson edit vandalism	general_vandalism	don’t know if something could’ve fitted better; can open a “current_affairs_vandalism” category; this filter was active for ~3weeks directly following MJ’s death; and a ‘current_affairs_vandalism’ would also cover the Trump after elections filter
301	489	1	0	0	1	0	default	20160614033305		530	Long term IP-hopping abuse, more	long_term_abuse	
302	828	0	0	1	0	0	default	20171102075753	disallow	527	Redirecting talk page	talk_page_vandalism	
303	438	0	0	0	1	0	default	20130404080939	warn	521	Warn if create an article: Enter your new article name here	good_faith_article_creation	
304	847	1	0	1	0	0	default	20181104193816	disallow	512	Sandbox troll (WP:LTA/SBT)	trolling	
305	661	0	0	0	1	0	default	20150625135307	warn,disallow	495	unsourced section added to awards article	wiki_policy	
306	215	1	0	0	1	0	default	20100502011708	throttle,disallow	489	AnonTalk 2	hidden_vandalism	
307	809	1	0	1	0	0	default	20181111190314	disallow	487	SPI disruption	hidden_vandalism	
308	829	1	0	0	0	0	default	20171014180255		487	Possible article hijacking	hidden_vandalism	
309	742	1	0	0	0	0	default	20190105155622	throttle,disallow	487	BT UserTalkPage stalker	hidden_vandalism	
310	43	0	0	0	1	0	default	20090928191833		480	New user removing AfD comments	good_faith_deletion	"or ‘avoidant_vandalism’, which is what actually interests them, but “
Unfortunately this filter also applies when a user removes their own !vote. - Ruslik0”"
311	770	0	0	0	0	0	default	20180424233552		474	Causing death vandal	general_vandalism	or ‘hoaxing’ or ‘personal_attacks’
312	393	0	0	0	1	0	default	20110422015403		469	Ice hockey statistics	wiki_policy	“WP:HOCKEY has a guideline that strongly discourages mid-season updates to player statistics,for consistency”
313	221	1	0	0	1	0	default	20091127160908	disallow	469	Japanese police vandal	hidden_vandalism	
314	738	1	0	1	0	0	default	20181028130738	disallow	451	Frequently blocked user	hidden_vandalism	
315	862	0	0	1	0	0	default	20180619145747		442	Arabic string spam	spam	
316	835	1	0	1	0	0	default	20181101022927	disallow	437	Temporary vandalism II	hidden_vandalism	
317	731	1	0	0	0	0	default	20160818175917		436	Reference desk trolling	trolling	
318	925	1	0	0	0	0	default	20180910193926		434	Image vandalism	image_vandalism	
319	541	1	0	0	1	0	default	20160614034004		429	Open proxies	wiki_policy	
320	759	1	0	0	0	0	default	20180107124939	disallow	423	Digitalravan‎	hidden_vandalism	
321	66	0	0	0	1	0	default	20160818205325		406	poop vandalism (testing for false positives)	profanity_vandalism	
322	545	1	0	0	0	0	default	20140102181040		405	British Railways/Bus vandal	hidden_vandalism	
323	133	0	0	0	1	0	default	20090525144424		404	Broken references	good_faith_refs	or ‘good_faith_html’ (but this doesn’t really exist yet)
324	919	1	0	1	0	0	default	20180929131657	disallow	393	Sockpuppetry from EnglishEfternamn	sockpuppetry	
325	947	1	0	1	0	0	default	20181221074306	throttle,warn	393	LTA 947	long_term_abuse	
326	931	1	0	1	0	0	default	20190103063839	throttle,disallow	383	Image vandalism I	image_vandalism	
327	311	1	0	0	1	0	default	20160614031414	disallow,tag	382	Lewis Hamilton racism	politically_motivated	
328	788	0	0	1	0	0	default	20170309083707	disallow	374	IP removing report from RFPP	avoidant_vandalism	RFPP = Requests for page protection
329	212	0	0	0	1	0	default	20090830005619		372	New user placing comments without a header on user talk page	good_faith	
330	787	1	0	1	0	0	default	20160814184338	disallow	370	Spicy boy	hidden_vandalism	in the meantime not hidden anymore and deleted (Merge to Filter 614 -G 2019.01.21); according to pattern it would be ‘silly_vandalism’ I guess
331	699	1	0	0	0	0	default	20160218130439		363	3 edit link spam	spam	
332	751	1	0	1	0	0	default	20160818181044	disallow	359	Non-notable actor vandal/hoaxer	hoaxing	
333	295	1	0	0	1	0	default	20120808231256	disallow	356	Targeted vandalism by specific vandal	hidden_vandalism	
334	505	0	0	0	1	0	default	20150212173600		356	Tag mobile edits	general_tracking	
335	170	1	0	0	1	0	default	20100217194949		352	Thailand vandal	hidden_vandalism	
336	578	1	0	0	1	0	default	20170402073922	disallow	345	Sockpuppet vandalism	sockpuppetry	
337	171	0	0	0	1	0	default	20090708123401		333	Direct use of Template:Dated prod	good_faith_template	
338	470	1	0	0	1	0	default	20140102175918	disallow	333	Formula One Racing vandal	hidden_vandalism	
339	948	0	0	0	1	0	default	20181219204805		331	Long strings of digits/punctuation in usernames	silly_vandalism	
340	442	1	0	0	1	0	default	20120808231813	throttle,disallow	329	Michigan IP hopper	hidden_vandalism	
341	575	1	0	0	1	0	default	20160614034602		317	User moved sandbox from user space	hidden_vandalism	interesting, since title is innocuous enough
342	913	1	0	0	0	0	default	20180722030313		311	Wikipedia:Long-term abuse/Best known for IP (Secondary)	long_term_abuse	
343	523	1	0	0	1	0	default	20160614033813	disallow	306	Page creation spammer	spam	
344	688	1	0	0	0	0	default	20150910185705		303	Beals	hidden_vandalism	
345	909	1	0	1	0	0	default	20181218190852	disallow	299	Cutler Vandal	hidden_vandalism	
346	114	1	0	0	1	0	default	20091127160900	throttle	293	sleeper socks	sockpuppetry	
347	937	1	0	1	0	0	default	20181017194051		291	Qwertywander long-term abuse	long_term_abuse	
348	871	1	0	1	0	0	default	20180930182420	disallow	284	Sock Filter	sockpuppetry	
349	461	0	0	0	1	0	feedback	20130411173111	disallow	283	Feedback: Vandalism in all caps	not_polite	or ‘personal_attacks’ (since in feedback)
350	213	1	0	0	0	0	default	20141203172039	disallow	281	Saban troll	trolling	
351	698	0	0	0	1	0	default	20170402074230	warn,disallow	277	500 edits / 30 days editing restriction	personal_attacks	not sure how to best classify this, see https://en.wikipedia.org/wiki/Wikipedia:Arbitration/Requests/Enforcement/Archive173#TheRedPenOfDoom.2C_third_filing that initially prompted the filter creation
352	10	1	0	0	1	0	default	20120808231116	warn,disallow	276	Unusual change in title length	hidden_vandalism	
353	192	0	0	0	1	0	default	20090830005509		276	Direct use of stub categories in articles	good_faith_categories	
354	639	1	0	1	0	0	default	20181129210721	disallow	272	persistent block evasion	avoidant_vandalism	as per name; alternatively: ‘hidden_vandalism’
355	415	1	0	0	1	0	default	20120808231618	disallow	270	New user possibly editing an image on a template	template_vandalism	bc of action; otherwise I would’ve given it ‘good_faith_template’
356	944	1	0	1	0	0	default	20190105165750	disallow	267	Image vandalism III	image_vandalism	
357	916	1	0	1	0	0	default	20180727162648	disallow	264	LTA #916	long_term_abuse	
358	852	1	0	0	0	0	default	20180503164107	disallow	261	Birth/death place vandal	hidden_vandalism	or ‘hoaxing’
359	889	1	0	1	0	0	default	20190104181037	disallow	260	Persistent PA	personal_attacks	
360	389	1	0	0	1	0	default	20120202004752	throttle,disallow	258	Attacks on user talk pages	personal_attacks	
361	177	1	0	0	1	0	default	20100808082118		254	User:Television Radio	hidden_vandalism	
362	709	1	0	0	0	0	default	20161113234140	disallow	254	LTA filter	long_term_abuse	
363	331	1	0	0	1	0	default	20120202004540	disallow	249	Megafauna vandal	hidden_vandalism	
364	72	1	0	0	1	0	default	20100808081441		248	Unusual move throttle	page_move_vandalism	
365	367	0	0	0	1	0	default	20111116104702		246	New users adding multiple nowiki groups to articles	good_faith_template	
366	617	0	0	0	1	0	default	20150628135438	disallow	242	Mathias Sandell	general_vandalism	not quite sure what the problem is, but it disallows the addition of a lot of music related stuff by particular Ips
367	454	1	0	0	1	0	default	20130404081123		242	One time account spam bot	bot_vandalism	
368	622	1	0	0	1	0	default	20160614035415	disallow	235	Genre edit-warring	edit_warring	
369	608	1	0	0	0	0	default	20140827012916	disallow	232	Banned user	hidden_vandalism	
370	383	1	0	0	1	0	default	20110419184841		230	proxy vandalbot	bot_vandalism	
371	902	1	0	0	0	0	default	20180318173847		230	Article creation as newly confirmed editor	good_faith_article_creation	
372	56	1	0	0	0	0	default	20181018235046	disallow	229	Inappropriate CSS code in article space	hidden_vandalism	
373	103	0	0	0	1	0	default	20090928230911	warn	229	Uncyclopedia	good_faith_refs	
374	493	1	0	0	1	0	default	20160614033439		229	New Rochelle Sock	sockpuppetry	
375	901	0	0	1	0	0	default	20181210211356	warn	228	Possible Drumpf plugin	silly_vandalism	I don’t know about plugin, but that’s the label this gets based on content
376	757	1	0	1	0	0	default	20160515151910	disallow	228	Persistent IP-hopping troll	trolling	
377	718	1	0	1	0	0	default	20180929200924	disallow	227	Prolific socker III	sockpuppetry	
378	854	0	0	0	0	0	default	20180507162052	disallow	225	Airport ref removal	link_vandalism	
379	115	1	0	0	1	0	default	20091127160912	throttle,blockautopromote	225	sleeper socks II	sockpuppetry	
380	920	1	0	0	0	0	default	20181220031632	throttle	225	Possible sockpuppetry from EnglishEfternamn	sockpuppetry	
381	200	0	0	0	1	0	default	20150212173422		224	Removal of PROD templates	good_faith_template	
382	258	1	0	0	1	0	default	20160820182124		223	General Tojo II	hidden_vandalism	
383	744	0	0	0	0	0	default	20161229052127		222	Removal of TemplateData	good_faith_template	
384	19	0	0	0	1	0	default	20100106172826		221	"Replacement of ""partition of India"" with ""independence of Pakistan"""	politically_motivated	
385	166	1	0	0	1	0	default	20181104190546	disallow	219	Singapore vandal	hidden_vandalism	
386	710	1	0	0	0	0	default	20170512133554	disallow	219	Muhammad vandal	religiously_motivated	
387	886	1	0	0	0	0	default	20181115202503	throttle,disallow	217	LTA socking	sockpuppetry	
388	426	1	0	0	1	0	default	20160614032543		215	TV station sockpuppeteer	sockpuppetry	
389	640	0	0	0	1	0	default	20150628135317	warn,disallow	213	VEVO	general_vandalism	not quite sure what the problem is, but action is disallow, hence the label
390	234	1	0	0	1	0	default	20110310110753	disallow	208	Alexcas11 sockpuppets	sockpuppetry	
391	928	0	0	1	0	0	default	20180909185830	warn	207	Transclusion of userpages	good_faith_template	
392	681	1	0	0	0	0	default	20150531155632	throttle	206	possible vandalism in NS4	hidden_vandalism	NS4=Wikipedia
393	465	1	0	0	0	0	default	20140823212744	disallow	201	FIFA IP hopper from Lima, Peru	hidden_vandalism	
394	648	1	0	0	0	0	default	20181023224322	disallow	195	Long-term abuse using Korean	long_term_abuse	
395	808	1	0	0	1	0	default	20170509191107	disallow	194	Dead rat/Woomoo vandal	hidden_vandalism	
396	441	1	0	0	1	0	default	20160905181512	disallow	194	Sports forum spammer	spam	
397	210	1	0	0	1	0	default	20090928231101		193	MGM/other studio	hidden_vandalism	
398	917	1	0	1	0	0	default	20181210172142	disallow	192	Prevent the addition of Daniel C. Boyer	hidden_vandalism	
399	287	1	0	0	0	0	default	20180412195649	disallow	190	Sanders conspiracies	hidden_vandalism	
400	885	1	0	1	0	0	default	20181219130402	disallow	190	LTA 885	long_term_abuse	
401	469	1	0	0	1	0	default	20130718155314		190	Shirik's Test Filter	test	
402	811	1	0	0	0	0	default	20180514225222	disallow	189	Aaron Christopher	hidden_vandalism	
403	597	1	0	1	0	0	default	20170912210315	disallow	189	Europefan	hidden_vandalism	
404	424	1	0	0	1	0	default	20110828130927		189	Repeatedly blocked user --  testing-only rule for filter 425	hidden_vandalism	alternatively: ‘test’
405	13	1	0	0	1	0	default	20160812192945	warn,disallow	188	Knave vandalism	hidden_vandalism	
406	560	0	0	0	0	0	default	20150212181334	warn	185	"The ""truly"" vandal"	silly_vandalism	not quite satisfied with label, but don’t have a better idea either
407	865	1	0	1	0	0	default	20170718220342		182	maghsoudi	hidden_vandalism	
408	377	0	0	0	1	0	default	20110107070532		175	Large not english contributions 2 (test only)	good_faith	or ‘test’, as per name
409	866	1	0	0	0	0	default	20180424212727		173	Temporary article title watch	hidden_vandalism	title sounds weird for the filter to be hidden
410	666	1	0	0	0	0	default	20160628072635	disallow	172	Aas Mohammad	hidden_vandalism	most likely ‘politically_motivated’
411	689	0	0	0	1	0	default	20160614040958	warn,tag	170	Chicken fucker vandalism	profanity_vandalism	
412	161	0	0	0	1	0	default	20090617131429		169	Overlinking	good_faith_refs	
413	790	1	0	0	0	0	default	20170325041629		162	Nationality inventions	hidden_vandalism	
414	798	0	0	1	0	0	default	20161010230835		162	Possible copyvio for image upload	copyright_violation	
415	676	1	0	0	0	0	default	20180222215913	disallow	160	Highway vandal	hidden_vandalism	
416	722	0	0	0	0	0	default	20170207181842		158	Please Accept	good_faith_edit_summary	
417	235	0	0	0	1	0	default	20090928231159		157	Your mom jokes	silly_vandalism	or ‘personal_attacks’. But it was only in logging mode and enabled for 4 days, probably got merged into another filter
418	674	0	0	0	0	0	default	20161015072323	disallow	156	Long term infobox vandal	long_term_abuse	as per name and comments
419	906	1	0	1	0	0	default	20180721164347	disallow	154	Alan Jackson Vandal	hidden_vandalism	
420	745	1	0	0	0	0	default	20170228011409		154	Talk page abuse	talk_page_vandalism	as per name
421	63	1	0	0	1	0	default	20091127160855	disallow	150	Abusive unblock denials	hidden_vandalism	
422	278	1	0	0	1	0	default	20120202004634		149	Possible copyright violations	copyright_violation	
423	104	0	0	0	1	0	default	20150212173322	warn	149	Helpme and Adminhelp	good_faith_template	
424	168	0	0	0	1	0	default	20090830005433	warn	148	Non-admins responding to unblock requests	good_faith	none of the existing more specific good_faith tags cuts it and I cannot think of anything sensible
425	542	1	0	0	1	0	default	20160614034012		147	Open proxies II	wiki_policy	
426	240	0	0	0	1	0	default	20091127160918		147	Used lifetime over/with/as well as existing apparatus	unclear	I don’t quite get the problem targeted by this filter
427	185	0	0	0	1	0	default	20181104190717		146	Cross-namespace move	good_faith_move	
428	430	1	0	0	1	0	default	20130404080919	disallow	145	Various socking spammers	sockpuppetry	
429	737	1	0	0	0	0	default	20180314041327	disallow	145	Christ the Logos	hidden_vandalism	
430	876	1	0	0	0	0	default	20190104181014	throttle,warn	144	Derp III	hidden_vandalism	
431	785	1	0	0	0	0	default	20160818213434		139	Template doc vandalism	template_vandalism	
432	125	0	0	0	1	0	default	20090429124019		138	Insertion of repeated phrases	silly_vandalism	at least that’s what they’re targeting imho. What actually get caught by the filter is sometimes as innocuous as whitespaces consisting of 4 blanks.
433	653	1	0	0	0	0	default	20150730223741	disallow	136	Infobox vandal	hidden_vandalism	
434	190	1	0	0	1	0	default	20091218070146	disallow	134	CrabCore (4chan) - [[Special:Contributions/70.122.90.204]]	hidden_vandalism	
435	743	1	0	0	0	0	default	20180212172048	disallow	133	Prolific socker IV	sockpuppetry	
436	439	1	0	0	1	0	default	20130404080945	disallow	132	Chaosname	hidden_vandalism	
437	881	1	0	1	0	0	default	20180420054127	disallow	131	Excessive scatology	hidden_vandalism	
438	492	1	0	0	1	0	default	20120924064810		131	Check for possible persistent IP-hopping abuse	hidden_vandalism	
439	855	1	0	0	1	0	default	20181104193922	disallow	129	LTA (Georgia)	long_term_abuse	
440	734	1	0	0	0	0	default	20171204231846	disallow	127	McAusten	hidden_vandalism	
441	848	0	0	0	0	0	default	20170505042534		126	Large contributions test filter	test	
442	373	1	0	0	1	0	default	20120807052549		125	Mario96	hidden_vandalism	
443	767	1	0	1	0	0	default	20181219232350	disallow	124	Prophecy spam	spam	
444	564	1	0	0	1	0	default	20140102181617	disallow	123	block evasion	hidden_vandalism	
445	513	1	0	0	1	0	default	20160929181639	disallow	122	Persistent talk page abuse from IP ranges II	talk_page_vandalism	
446	250	1	0	0	1	0	default	20110310110912	disallow	122	Combined pagemove/edit summary vandalism	hidden_vandalism	
447	44	1	0	0	1	0	default	20090807112546		121	MAM vandalism	hidden_vandalism	
448	144	0	0	0	1	0	default	20100106173410		120	Hiding content of pages	good_faith_html	
449	838	0	0	1	0	0	default	20181113040819	warn	119	Main page hello worlds	good_faith_test_edits	
450	453	1	0	0	1	0	default	20130404081115	warn,disallow	119	Temporary block on making specific kinds of template edits	template_vandalism	as per name
451	596	1	0	0	0	0	default	20160812035607	disallow	117	Elevator vandal	hidden_vandalism	
452	281	1	0	0	1	0	default	20100108215922		115	Unwatched BLPs	hidden_vandalism	
453	723	1	0	0	0	0	default	20160914172157		115	MusikAnimal's test filter	test	
454	706	1	0	0	0	0	default	20160925183649	disallow	113	Dutch football vandalism	hidden_vandalism	
455	455	1	0	0	1	0	default	20120602063353	disallow	113	Bahrani	hidden_vandalism	
456	434	1	0	0	1	0	default	20160614032622		112	Roman vandal	hidden_vandalism	
457	769	1	0	0	0	0	default	20180403064325	disallow	110	AfD nomination harassment	harassment	
458	665	1	0	0	0	0	default	20150807184304	disallow	109	revescom	hidden_vandalism	
459	797	1	0	1	0	0	default	20161009215924	disallow	108	Synth LTA	long_term_abuse	
460	936	1	0	1	0	0	default	20181014164944	disallow	108	LTA 936	long_term_abuse	
461	604	0	0	0	1	0	default	20140303202400		107	Keyboard mashing	silly_vandalism	“Deleting, AFTv5 removed from WMF wikis --Legoktm 03/03/13” // filter’s group used to be ‘feedback’; sound like pressing random keys
462	663	0	0	0	0	0	default	20150726191722	disallow	107	Techno genre warrior	edit_warring	
463	690	0	0	0	0	0	default	20170512133607	disallow	107	Smoothest Ashu	sockpuppetry	As per comments: “See [[Wikipedia:Sockpuppet investigations/Smoothestaashu007]]. Log only for now. --Samwalton9, 25 May 2015”
464	201	0	0	0	0	0	default	20130414054340		106	KoH test filter	test	
465	288	1	0	0	1	0	default	20160824183226	disallow	105	IP reverting/wikistalking by banned user	hidden_vandalism	name alone not descriptive enough for assigning ‘harassment’
466	266	1	0	0	1	0	default	20160823115247		104	Anti-fundraising trolling	trolling	
467	506	1	0	0	1	0	default	20140102180029	disallow	104	Broadway Hoaxer	hoaxing	
468	507	1	0	0	1	0	default	20160929181209	disallow	100	Vandalism	hidden_vandalism	very descriptive name^^
469	306	1	0	0	1	0	default	20120808231304	disallow	98	URL obfuscators	hidden_vandalism	
470	843	0	0	1	0	0	default	20170628192710	disallow	98	Prevent new users from creating redirects to [[Donald Trump]]	politically_motivated	
471	78	0	0	0	1	0	default	20090517153625		98	Cross-wiki malbot vandals	bot_vandalism	
472	175	1	0	0	1	0	default	20091003121109		98	pioneer courthouse sockfarm vandalism	sockpuppetry	
473	818	1	0	0	1	0	default	20170116052714	disallow	97	Old enemy	hidden_vandalism	
474	385	1	0	0	1	0	default	20120808231407	throttle,disallow	96	Prevent new users from making mass pagemoves	page_move_vandalism	as per name, action and being hidden
475	450	1	0	0	1	0	default	20130404081101		96	Vandalizing date articles	hidden_vandalism	
476	509	1	0	0	1	0	default	20160614033636	disallow	91	Long-term pattern abuse III	long_term_abuse	
477	634	1	0	0	1	0	default	20160614035827	warn,disallow	90	Long-term sock attack	sockpuppetry	
478	229	1	0	0	1	0	default	20091127160918	throttle,warn,disallow	90	Hidden comments by new users		
479	625	0	0	0	1	0	default	20140928195427		89	Yolo Swag 2		
480	516	1	0	0	1	0	default	20160614033733	disallow	88	Celebrity vandal		
481	583	1	0	0	1	0	default	20140102182326		87	Serial sockpuppet article creations		
482	595	1	0	0	1	0	default	20181104191245	warn,disallow	86	Animal welfare IP hopper		
483	71	1	0	0	1	0	default	20090320184133	throttle	84	Unusually long pagemove edit summaries		
484	844	1	0	0	0	0	default	20170716153910	disallow	84	Test filter		
485	140	1	0	0	1	0	default	20090928231118	disallow	84	Long-term harassment case		
486	703	0	0	0	1	0	default	20150713211356		82	Edit summary only consists of article title		
487	725	1	0	0	0	0	default	20151114190802	disallow	82	Long term title vandal		
488	228	1	0	0	1	0	default	20160820181427		82	AnonTalk 3		
489	557	1	0	0	1	0	default	20161012203159	disallow	80	Freewill vandal		
490	165	1	0	0	1	0	default	20090512070119	disallow	79	Image vandalism		
491	800	1	0	0	0	0	default	20170315083000	disallow	78	ranpini		
492	779	1	0	0	0	0	default	20160824134445	disallow	77	Manga EL spam		
493	525	1	0	0	1	0	default	20140102180250	disallow	77	Sock vandal User:Danrolo		
494	305	1	0	0	1	0	default	20100404194255	throttle,disallow	77	Potential sleeper accounts		
495	576	1	0	0	1	0	default	20160614034611	disallow	77	Dantherocker1		
496	116	1	0	0	1	0	default	20170402073422	disallow	77	Persistent vandal creating redirects		
497	888	1	0	0	0	0	default	20181208131357	disallow	77	IP bot editing		
498	131	0	0	0	1	0	default	20091127160905	warn,disallow	76	Removal of controversial images		
499	694	0	0	1	0	0	default	20181023223653	disallow	74	Moves to or from the Module namespace		
500	585	1	0	0	1	0	default	20140102182111	disallow	72	New user removing own name from AIV		
501	868	1	0	1	0	0	default	20180809162025	disallow	71	Template vandalism		
502	547	1	0	0	0	0	default	20170605190343	disallow	70	Cat Creek		
503	922	1	0	0	0	0	default	20181104190106	disallow	70	Abusive messages on RfA-related pages		
504	459	1	0	0	0	0	default	20160718155146	disallow	70	Long-term block evasion		
505	584	1	0	0	1	0	default	20160614034706		65	Improper Template Usage by New User		
506	567	1	0	0	1	0	default	20160614034452	disallow	64	Disruptive CSD nominations		
507	581	1	0	0	1	0	default	20160614034647		64	Dantherocker1 II		
508	14	0	0	0	1	0	default	20090325102514		63	Test to detect new pages by new users		
509	312	1	0	0	1	0	default	20150212173501		62	External link removal		
510	621	1	0	0	1	0	default	20160614035403	disallow	62	Spambot Filter		
511	328	1	0	0	1	0	default	20130404080744		61	Prolific socker III		
512	660	1	0	0	0	0	default	20150128141314		61	Possibly JarlaxleArtemis (LTA)		
513	668	1	0	0	0	0	default	20150429015714	disallow	61	GP disruption		
514	226	1	0	0	1	0	default	20091003121354		61	Johnali123 sockpuppets		
515	4	1	0	0	1	0	default	20160812192142		60	Copernicus vandal		
516	910	0	0	0	1	0	default	20180714091120		60	Maureen Wroblewitz spammer		
517	414	1	0	0	1	0	default	20160904150257	disallow	60	M5 Vandalism		
518	501	1	0	0	1	0	default	20160614033558		60	Chinese blogpost spammer		
519	566	1	0	0	1	0	default	20140102181650	disallow	57	SPI Impersonation		
520	635	0	0	0	1	0	default	20180817210724	warn	57	OTRS template added by non-OTRS member		
521	419	0	0	0	1	0	default	20120808231716	disallow	57	User removing himself from AIV		
522	330	1	0	0	1	0	default	20110310111130	warn	55	Attacks on editors		
523	914	1	0	1	0	0	default	20180422210717	disallow	54	Igor Janev Spammer		
524	293	1	0	0	1	0	default	20160824183539	disallow	53	J.delanoy attacks		
525	193	1	0	0	1	0	default	20090928230945		53	Wknight94's test filter		
526	750	0	0	0	0	0	default	20160823102448		51	Long term film vandal		
527	263	1	0	0	1	0	default	20100808082040		50	Serafin - talk page abuse		
528	510	1	0	0	1	0	default	20160614033645		50	JonesManorFarm		
529	778	1	0	0	1	0	default	20160722100644		48	Ceb sock		
530	816	1	0	0	1	0	default	20170120213621	disallow	47	ARBPIA vandal bot		
531	390	1	0	0	1	0	default	20160614032112	disallow	47	Dynamic IP vandalism		
532	204	1	0	0	1	0	default	20091023011806	disallow	47	Bangladeshi vandal		
533	467	1	0	0	1	0	default	20160614032854	disallow	47	Sakaisinai7		
534	594	1	0	0	1	0	default	20160614034809	disallow	46	Verizon mobile vandal		
535	940	1	0	0	0	0	default	20181109181811	throttle,disallow	46	LTA 940		
536	178	1	0	0	1	0	default	20090812211459	disallow	46	Crier attack vandalism		
537	570	1	0	0	1	0	default	20160614034517	disallow	45	Checkmarx		
538	696	1	0	0	0	0	default	20150714000934		44	Informative link spam		
539	730	1	0	0	0	0	default	20160107192810		44	Filter to spot sock		
540	48	0	0	0	1	0	default	20090325083005		43	Oft-inappropriate external links		
541	191	1	0	0	1	0	default	20160820181202		43	User:ECW500		
542	309	1	0	0	1	0	default	20100920023439	throttle	42	Unusual change of URLs		
543	719	0	0	0	0	0	default	20150818174227	disallow	42	Empty ref vandal		
544	480	1	0	0	1	0	default	20160911183305	disallow	42	Swamilive		
545	508	1	0	0	1	0	default	20160614033626	disallow	42	Long-term pattern abuse II		
546	471	1	0	0	1	0	default	20131003210147		41	Eurodance vandal		
547	795	1	0	0	1	0	default	20170402074826	disallow	40	Ref Desk Troll		
548	211	0	0	0	1	0	default	20090928231057		40	Warn users about entering email addresses		
549	54	1	0	0	1	0	default	20100808081238		39	Virgin Killer vandalism		
550	830	1	0	0	0	0	default	20190104180947	disallow	39	LTA_O_socking		
551	953	1	0	0	0	0	default	20190104181712		39	Galobtter test filter		
552	736	0	0	0	0	0	default	20151203092828		39	XSS Filter		
553	629	1	0	0	0	0	default	20180403031050		38	Possible Spamming		
554	945	1	0	1	0	0	default	20181205003231	throttle,disallow	37	proxy talk page abuse		
555	490	1	0	0	1	0	default	20160911190243	disallow	37	Beatles IP vandal		
556	340	1	0	0	1	0	default	20150212173520		36	Misc Vandalism, Type N+1		
557	360	1	0	0	1	0	default	20110310111414	disallow	36	Spam Blacklist Circumvention Attempts		
558	546	1	0	0	1	0	default	20160614034041	disallow	35	Disruptive user from Hyogo, Japan		
559	673	0	0	0	0	0	default	20160128121223		35	Ankur Mazumder		
560	896	1	0	1	0	0	default	20190104211438	disallow	34	ANI trolling		
561	760	1	0	0	0	0	default	20160628012842	disallow	34	Sandbox vandal		
562	154	0	0	0	1	0	default	20090807113207		33	Macedonia naming conflict 2		
563	781	1	0	0	0	0	default	20161103144540	disallow	32	LTA collection 1		
564	553	1	0	0	1	0	default	20130611050053		32	The FIFA Vandal from Peru		
565	821	1	0	0	0	0	default	20180725014748	disallow	32	Supersonic jet		
566	678	0	0	0	0	0	default	20151223104143		32	MOS vandal		
567	701	0	0	0	0	0	default	20150829164145		32	Image link spam		
568	241	1	0	0	1	0	default	20091003121014		32	Truth Lover sock vandal		
569	378	1	0	0	1	0	default	20120202004442	disallow	31	Russian Science		
570	775	1	0	0	1	0	default	20160723173128		30	MKUltra Vandal		
571	792	1	0	0	0	0	default	20181230215124	disallow	30	Harassment		
572	107	1	0	0	1	0	default	20090807112653		30	Continued spam of blacklisted links		
573	412	1	0	0	1	0	default	20110518202040		30	Image added		
574	440	0	0	0	1	0	default	20120719063817		30	intextual.com markup		
575	448	1	0	0	1	0	default	20130404081056	disallow	30	unblock disruption		
576	746	1	0	0	0	0	default	20160208201022	disallow	30	Prolific socker IV (B)		
577	407	1	0	0	1	0	default	20120808231546	disallow	29	Disruptive block evasion		
578	437	0	0	0	1	0	default	20120808231808	warn	29	Title blacklist for TITLES with more than 9 caps		
579	25	1	0	0	1	0	default	20090318150015		28	Unusual behavior from new account		
580	911	1	0	0	1	0	default	20180724113113	disallow	28	Wrestling social networking spammer		
581	237	0	0	0	1	0	default	20091003121439		28	Creating page with maintenance templates		
582	93	0	0	0	1	0	default	20090708124036		27	Web links in edit summaries		
583	863	1	0	0	0	0	default	20180403030800		27	LGBT LTA		
584	863	1	0	0	0	0	default	20171118220117	disallow	27	LTA 873		
585	933	1	0	1	0	0	default	20181001034355	disallow	27	Deepak Khumar		
586	45	1	0	0	1	0	default	20090322043601		26	Move to title with special characters		
587	307	1	0	0	1	0	default	20100404201317	throttle,warn,disallow	26	Redlink/edit summary vandalism by specific user		
588	609	1	0	0	0	0	default	20140801184723	disallow	25	Europa Universalis-related disruption		
589	411	0	0	0	1	0	default	20110521082446	warn,disallow	25	Edit notices		
590	199	0	0	0	1	0	default	20160820181339		25	Unflagged Bots		
591	209	0	0	0	1	0	default	20090928231104	disallow	25	arwiki interwiki problem		
592	370	1	0	0	1	0	default	20110310111524	throttle,disallow	24	Persistent vandalism		
593	157	1	0	0	1	0	default	20160820180542	disallow	24	Greek nationalism		
594	938	1	0	1	0	0	default	20181022180632	disallow	24	Targeted abuse		
595	599	1	0	0	1	0	default	20160614034844		23	FPV		
596	94	0	0	0	1	0	default	20090807112502	warn,disallow	23	San Diego = whale's vagina		
597	326	1	0	0	1	0	default	20160904150103	disallow	22	Vandalism-only article names		
598	845	1	0	0	0	0	default	20170421164626	warn,disallow	22	Prevention of AIV/UAA hinderance		
599	361	1	0	0	1	0	default	20160904150215	disallow	22	"""Scruffy"" vandalism"		
600	372	1	0	0	1	0	default	20110310111536	disallow	22	Reference desk vandalism		
601	375	1	0	0	1	0	default	20120202004431	disallow	22	9/11 Vandalism		
602	638	1	0	0	1	0	default	20170402074101	disallow	22	Stern review		
603	656	1	0	0	1	0	default	20160614040359	disallow	22	Driver 3 vandal		
604	203	1	0	0	1	0	default	20110310110538	disallow	22	Template spam from 88.105.0.0/16		
605	488	1	0	0	1	0	default	20160911190128	disallow	22	Currently active sockmaster		
606	839	0	0	0	0	0	default	20170221004051		21	Bad word test		
607	95	1	0	0	1	0	default	20090419183716		21	Administrator attack page		
608	363	1	0	0	1	0	default	20110310104458	disallow	21	Article becoming redirect to The Game		
609	112	1	0	0	1	0	default	20090830005339	disallow	21	Repeated advocacy/spam on Zoophilia		
610	641	1	0	0	1	0	default	20160614040013	disallow	21	AP disruption		
611	141	1	0	0	1	0	default	20090409111815		21	Abusive unblock denials - new approach		
612	923	1	0	1	0	0	default	20180620111016		21	Possible Nigerian phone scams		
613	417	1	0	0	1	0	default	20160904150318	disallow	21	Suspected Sockpuppets		
614	298	1	0	0	1	0	default	20100301152737	warn	20	Red link vandalism 2		
615	615	1	0	0	1	0	default	20160614035243	disallow	20	Reference desk trolling		
616	618	1	0	0	0	0	default	20150203031455	disallow	20	Wikipedia space trolling		
617	726	1	0	0	0	0	default	20151216152913	disallow	20	Paul Easter		
618	747	0	0	0	1	0	default	20160420045711		20	Removal or addition of [[WP:PP-30-500|pp-30-500]] by non-admin		
619	6	0	0	0	1	0	default	20090718184557		19	Users editing editnotices of other users		
620	538	1	0	0	1	0	default	20160614033954	disallow	19	Possible sockpuppetry		
621	60	0	0	0	1	0	default	20090319175424		19	Removing sandbox header		
622	851	0	0	0	0	0	default	20180312212211		19	Carlos Gardel vandalism		
623	101	0	0	0	1	0	default	20090807112431		19	Fritzl case vandalism		
624	645	1	0	0	1	0	default	20160614040149	disallow	19	Camp Half-Blood vandal		
625	400	1	0	0	1	0	default	20120808231520	throttle,disallow	19	Prolific socker IV		
626	763	1	0	0	0	0	default	20161111052036		19	Persistent vandal		
627	395	1	0	0	1	0	default	20120808231426	disallow	18	Topic rangeblocks		
628	443	1	0	0	1	0	default	20130404081000		18	Beatles		
629	456	1	0	0	1	0	default	20130404081129	throttle,disallow	18	Kay Uwe Böhm		
630	482	1	0	0	1	0	default	20120802134516		18	Using comments to evade edit filter		
631	232	1	0	0	1	0	default	20110310110732	disallow	18	[[BJCP]]		
632	255	1	0	0	1	0	default	20100106173931		18	Rodgarton		
633	259	1	0	0	1	0	default	20100106173841		17	Brazil vandal		
634	55	1	0	0	1	0	default	20100808082207		17	Signing articles		
635	832	1	0	0	0	0	default	20171018033635	disallow	17	Profile sock		
636	849	1	0	1	0	0	default	20190104233809		17	Cat Creek II		
637	137	1	0	0	1	0	default	20160818210043		17	Copernicus vandal 2		
638	951	1	0	0	0	0	default	20181218185129		17	TFA disruption		
639	186	1	0	0	1	0	default	20090928231112	disallow	17	INFRINGEMENT vandal - [[Special:Contributions/172.130.240.199]]		
640	883	0	0	1	0	0	default	20171014154339		16	Page moves to bad words or other vandalism		
641	900	1	0	1	0	0	default	20180126234203		16	David Adam Kess Sock		
642	447	1	0	0	1	0	default	20130404081024	disallow	16	Tile join targets		
643	15	0	0	0	1	0	default	20090319005312		15	Discussion page vandalism		
644	544	1	0	0	1	0	default	20161012202424	disallow	15	Specific-page vandalism by single vandal		
645	381	1	0	0	1	0	default	20120202004457	disallow	15	Scientology group		
646	954	1	0	1	0	0	default	20190103221750	disallow	15	LTA 954		
647	503	1	0	0	1	0	default	20160614033605	disallow	15	GISHWHES		
648	539	1	0	0	1	0	default	20140102175832	disallow	14	Lebanese football rangeblock		
649	37	0	0	0	1	0	default	20090404190702	warn,disallow	14	"""Ur anus"" joke"		
650	549	1	0	0	1	0	default	20140102181348	disallow	14	Airport vandal		
651	319	1	0	0	1	0	default	20101208223054	disallow	14	Attacks on User:Rodhullandemu		
652	359	1	0	0	1	0	default	20160904150143	disallow	14	Specific-page vandalism 2		
653	897	0	0	1	0	0	default	20180123142941	disallow	14	Weird spambot		
654	949	0	0	0	1	0	default	20181225000531		14	SQL Testing filter		
655	217	1	0	0	1	0	default	20090928231047	warn,disallow	14	Abdul Rahman Al-Sudais anon vandalism		
656	827	1	0	0	1	0	default	20170305092905	disallow	13	Abusive username activity		
657	616	0	0	0	1	0	default	20150628135346	warn,disallow	13	disruption of music articles		
658	713	1	0	0	0	0	default	20150805150247	disallow	13	Lee Corso		
659	820	1	0	0	0	0	default	20170102113336	disallow	12	Talk page vandal		
660	317	1	0	0	1	0	default	20100413092702	warn,disallow	12	Sentry Gun		
661	580	1	0	0	1	0	default	20160614034639	disallow	12	Airport vandal		
662	333	1	0	0	1	0	default	20110310111140	disallow	12	Akraj block evasion - IP socks (live test)		
663	352	1	0	0	1	0	default	20101107190729	disallow	12	Macedonian language multiple AfDs		
664	884	1	0	0	1	0	default	20180131195533	disallow	12	Nsmutte		
665	654	0	0	0	1	0	default	20150119183842		12	Jetania vandalism		
666	929	0	0	1	0	0	default	20180826201614		12	LTA Hydro		
667	683	1	0	0	1	0	default	20160614040802		12	New users removing sections from the Reference Desk		
668	462	1	0	0	1	0	default	20120820155230	disallow	12	Serial harassment of MuZemike		
669	219	0	0	0	1	0	default	20090803161738		12	Arbcom requested filter (FOFF)		
670	780	0	0	0	0	0	default	20160812030457		11	Addition of interlanguage links		
671	556	1	0	0	1	0	default	20161012202550	disallow	11	Impersonation usernames		
672	332	1	0	0	1	0	default	20100522071643		11	J.delanoy vandal		
673	598	1	0	0	1	0	default	20140102175720	warn,disallow	11	Template redirect protection		
674	158	0	0	0	1	0	default	20090617081158	disallow	11	Bill Posey = alligator child		
675	451	1	0	0	1	0	default	20130404081107	disallow	11	IP attacks		
676	727	0	0	0	0	0	default	20160126000441		11	Samwalton9 test filter		
677	500	1	0	0	1	0	default	20160929181057	disallow	11	Sock		
678	758	1	0	0	0	0	default	20160426065334		11	Block evading editor		
679	776	1	0	0	1	0	default	20160829162005	disallow	10	Prolific socker IV (update)		
680	290	0	0	0	1	0	default	20100312022427		10	172 Filter		
681	36	1	0	0	1	0	default	20090830005032	warn,disallow	10	SEO push University of Atlanta		
682	817	1	0	0	0	0	default	20170104011726	disallow	10	Obamacare vandalism		
683	824	1	0	0	0	0	default	20170418153256	disallow	10	Zeitgeist		
684	343	0	0	0	1	0	default	20100920023444		10	Keemstar vandalism		
685	603	1	0	0	0	0	default	20160405110310	warn	10	Special case of reverting XLinkBot reverts		
686	533	1	0	0	1	0	default	20160614033928	disallow	9	Balun link spammer		
687	291	1	0	0	1	0	default	20100808081955		9	Prolific Seelincolshire Sock puppetry		
688	810	1	0	0	1	0	default	20161213162548		9	Suix vandal		
689	315	1	0	0	1	0	default	20100808081913		9	Garbled content		
690	74	0	0	0	1	0	default	20090320212342		9	Unwikified text added to end of article		
691	353	1	0	0	1	0	default	20100819063503	disallow	9	Blackout vandalism		
692	468	1	0	0	1	0	default	20160614032907		9	Fixing vandal		
693	486	1	0	0	1	0	default	20160614033248	disallow	9	Chilean vandal		
694	248	1	0	0	1	0	default	20110310110852	disallow	9	Memphis Music Spam		
695	764	1	0	0	1	0	default	20170402074700	disallow	9	Shirik's Refdesk Filter		
696	530	1	0	0	1	0	default	20130228170555	disallow	8	Writ Keeper's test filter		
697	22	1	0	0	1	0	default	20160812194447	disallow	8	New accounts mentioning the abuse filter		
698	284	1	0	0	1	0	default	20100214192857	disallow	8	Image vandalism		
699	802	1	0	0	0	0	default	20170716170553		8	Teenage Fairytale Dropouts LTA		
700	611	1	0	0	1	0	default	20160818174003	disallow	8	Persistent talk page abuse from IP ranges III		
701	371	1	0	0	1	0	default	20110310111531		8	Reference desk trolling		
702	908	1	0	0	0	0	default	20180809162142		8	Si Thu Moe Min		
703	153	1	0	0	1	0	default	20090928230922	disallow	8	Sock deterrance		
704	932	0	0	1	0	0	default	20180912225448		8	"Adding ""theknot.com"" into BLP articles"		
705	679	1	0	0	1	0	default	20150518215516		8	Possible offensive redirect		
706	729	1	0	0	0	0	default	20160126162749		8	Vandalism from Santa Cruz Coe		
707	514	0	0	0	1	0	default	20170402073819	warn	7	Legoktm's test filter		
708	8	0	0	0	1	0	default	20090819175717		7	Self-redirect		
709	324	1	0	0	1	0	default	20160904145949	disallow	7	Possible edits by Fraberj		
710	327	1	0	0	1	0	default	20101107191330	disallow	7	Special TFA filter		
711	857	1	0	0	1	0	default	20170522203213	disallow	7	DigitalRavan		
712	108	0	0	0	1	0	default	20090327021159		7	Hangon Tag		
713	927	1	0	1	0	0	default	20181028205638		7	LTA 927		
714	695	1	0	0	1	0	default	20181104191958		7	Long term vandal		
715	444	1	0	0	1	0	default	20130404081005	disallow	7	Pezzuto, Ivo references		
716	208	0	0	0	1	0	default	20090830005614		7	Removal of WebCite URLs		
717	245	1	0	0	1	0	default	20110310110845	disallow	7	AN and AN/I abuse		
718	275	1	0	0	1	0	default	20100329231511		6	New users moving featured articles		
719	38	1	0	0	1	0	default	20090807112247	warn,disallow	6	Argentina nuclear energy IP hopper		
720	57	0	0	0	1	0	default	20090327103250		6	Creation of attack page titles		
721	70	1	0	0	1	0	default	20090321081152		6	Unusual move reason		
722	347	1	0	0	1	0	default	20190105155520	warn,disallow	6	Yet another test filter		
723	612	1	0	0	1	0	default	20140602034412	disallow	6	Wrestling pusher		
724	870	1	0	0	0	0	default	20180821180549	disallow	6	nowiki phishing		
725	903	1	0	0	0	0	default	20181108021307	disallow	6	neocatechumenal way		
726	401	0	0	0	1	0	default	20120808231528	disallow	6	"""Red hair"" vandalism"		
727	418	1	0	0	1	0	default	20170402073605	disallow	6	User is Shirik (test filter)		
728	421	0	0	0	1	0	default	20120808231722		6	Engvar filter		
729	428	1	0	0	1	0	default	20120808231734		6	Image abuse		
730	207	0	0	0	1	0	default	20090830005600		6	Non-admins reviewing unblock requests		
731	214	0	0	0	1	0	default	20090728230153		6	Creating articles with title contained in username		
732	512	1	0	0	1	0	default	20160614033654		5	Long-term pattern abuse IV		
733	20	0	0	0	1	0	default	20160812193140		5	"Saying ""The abuse filter will block this"""		
734	540	1	0	0	1	0	default	20130329222146	disallow	5	Temporary filter		
735	801	1	0	0	1	0	default	20161113203914		5	Prolific_socking_IPs		
736	49	1	0	0	1	0	default	20160813234857		5	Hina spam		
737	571	1	0	0	1	0	default	20160614034525	disallow	5	Persistent Disruption		
738	69	1	0	0	1	0	default	20090321185406		5	Unusual title change 2		
739	842	1	0	0	0	0	default	20170314161944	disallow	5	Talk page abuse		
740	338	0	0	0	1	0	default	20100618045125		5	Vuvuzela vandalism		
741	858	0	0	0	1	0	default	20181211182505		5	Anime vandal filter		
742	610	1	0	0	0	0	default	20160818173520	disallow	5	Turkish Vandal		
743	355	1	0	0	1	0	default	20110310111343	disallow	5	Misc vandal		
744	109	1	0	0	1	0	default	20090617081623	warn,disallow	5	Fleshlight		
745	392	1	0	0	1	0	default	20150212181750	disallow	5	/v/		
746	658	0	0	0	1	0	default	20150123194720	disallow	5	Disallow moving articles to the Topic namespace		
747	952	1	0	0	1	0	default	20181230215051		5	Image vandalism IV		
748	476	1	0	0	1	0	default	20160614032919	disallow	5	Kingdom of Sardinia		
749	748	0	0	0	1	0	default	20160420045626		5	pp-30-500 editing restriction		
750	286	1	0	0	1	0	default	20100204022213	warn,disallow	4	Tokusatsu Vandal		
751	40	0	0	0	1	0	default	20090325082823		4	Detect deaths		
752	318	1	0	0	1	0	default	20100416220302	disallow	4	School attacks		
753	348	1	0	0	1	0	default	20100801172202		4	Rapid insertion of external links		
754	127	0	0	0	1	0	default	20090402212520		4	Helpme tag in content namespace		
755	646	0	0	0	1	0	default	20141202045818		4	Incorrectly adding images		
756	924	1	0	0	1	0	default	20180719144037	disallow	4	Supersonic Transport Vandal		
757	173	1	0	0	1	0	default	20090807113129		4	Knave		
758	429	0	0	0	1	0	default	20110822003015		4	Possible malware attack		
759	943	1	0	0	0	0	default	20181221050308	disallow	4	Prevent special disruption		
760	693	0	0	0	0	0	default	20150625151023	disallow	4	Drake Bell attack		
761	720	0	0	0	0	0	default	20151231175642		4	Rothwell-Smith spam		
762	536	1	0	0	1	0	default	20130317180029		3	Mrpontiac1		
763	301	1	0	0	1	0	default	20100321234837		3	Blu Aardvark abusive unblock requests		
764	574	1	0	0	1	0	default	20130718094758	disallow	3	Vandalism		
765	853	1	0	0	0	0	default	20170512133620	disallow	3	Quick vandalism response		
766	882	1	0	0	1	0	default	20171010005143		3	LTA 882		
767	387	1	0	0	1	0	default	20160904150238	disallow	3	Fake pagemove edit summaries		
768	691	0	0	0	0	0	default	20150618161603		3	Shadows of the Void		
769	184	1	0	0	1	0	default	20090620043823	warn,disallow	3	abusive edit summaries		
770	707	1	0	0	0	0	default	20150719124707	disallow	3	Edit filter false positives vandalism		
771	749	1	0	0	0	0	default	20160111160718		3	SS disruption		
772	243	1	0	0	1	0	default	20150212173432		3	WikiMedia Viewer possible malware		
773	244	0	0	0	1	0	default	20091003125413		3	Possibly broken proxies		
774	251	1	0	0	1	0	default	20160820181913		3	Mark Levin Vandalism		
775	552	1	0	0	1	0	default	20160614034140	disallow	2	Wikiassociate rangeblock		
776	302	0	0	0	1	0	default	20100317030333		2	Possible COI		
777	814	1	0	0	1	0	default	20170402072733		2	More refspam		
778	73	0	0	0	1	0	default	20090320200641	throttle,warn,disallow	2	Throttle test		
779	841	0	0	0	1	0	default	20170224013137		2	Unofficial sports transaction		
780	589	0	0	0	1	0	default	20160614034734		2	Possible recreation of deleted material		
781	606	0	0	0	1	0	default	20160614035031	warn	2	ANI restoration bug		
782	362	0	0	0	1	0	default	20100922082300		2	New user creating page		
783	628	1	0	0	1	0	default	20160614035602	disallow	2	User talk page vandalism by sockpuppets		
784	118	0	0	0	1	0	default	20090423050115		2	The final selection of TFA's is made by Raul654, the featured article director		
785	379	0	0	0	1	0	default	20110119220533		2	username registrations by trademarkia		
786	413	1	0	0	1	0	default	20120808231609		2	Adding images to userspace		
787	669	0	0	0	1	0	default	20160614040618		2	Service Kompor		
788	162	1	0	0	1	0	default	20090517140757	warn,disallow	2	Thermal bag		
789	682	1	0	0	1	0	default	20181104191913	disallow	2	SEO/Attack page		
790	431	1	0	0	1	0	default	20110903105437	disallow	2	Malaysian IP hopping vandal		
791	687	0	0	0	1	0	default	20160614040910		2	Possible word replacement extension		
792	714	1	0	0	1	0	default	20170402074415	disallow	2	Reference desk sexuality trolling		
793	715	0	0	0	1	0	default	20170114074839	warn,disallow	2	IP notification on RFP/C		
794	484	0	0	0	1	0	default	20150212172634	warn	2	Shutdown of ClueBot by non-admin user		
795	487	0	0	0	1	0	default	20140303202310		2	Test filter for feedback tool oversight prevention		
796	805	1	0	0	1	0	default	20161213162528		1	Compromised activity		
797	561	1	0	0	1	0	default	20160614034418	disallow	1	Chaosname II		
798	310	1	0	0	1	0	default	20160824183625	disallow	1	Pagemove vandalism by specific vandal #2		
799	822	1	0	0	0	0	default	20170130055044	disallow	1	Shinji		
800	831	0	0	0	0	0	default	20170418152852		1	Yanchilin spammer		
801	334	1	0	0	1	0	default	20100531204443	disallow,blockautopromote	1	Grawp page move vandalism		
802	350	1	0	0	1	0	default	20110310111326		1	Waterspaces candidates		
803	120	1	0	0	1	0	default	20160818205831		1	Real life info		
804	121	1	0	0	1	0	default	20090331035312		1	Testing filter		
805	649	1	0	0	1	0	default	20160614040218		1	SP disruption		
806	142	1	0	0	1	0	default	20090525134153	disallow	1	Buddhism and Quantum Physics		
807	399	1	0	0	1	0	default	20120808231514	disallow	1	User page vandalism		
808	145	1	0	0	1	0	default	20090501020009	disallow	1	Socks abusing talk page privilege		
809	677	0	0	0	1	0	default	20150401165223		1	April Fools disruption		
810	685	1	0	0	1	0	default	20160614040844		1	HH disruption		
811	196	1	0	0	1	0	default	20150212173405		1	Michael Jackson move vandalism		
812	198	1	0	0	1	0	default	20090704200951		1	Sock test		
813	230	1	0	0	1	0	default	20160820181534	disallow	1	AnonTalk 4		
814	256	1	0	0	1	0	default	20091127160945		0	Duran Duran vandal		
815	515	1	0	0	1	0	default	20121219184028	warn,disallow	0	More LTA		
816	771	1	0	0	1	0	default	20160701154055		0	Orion LTA		
817	772	0	0	0	1	0	default	20160703161546		0	Crosses for deceased people		
818	517	1	0	0	1	0	default	20160614033741	throttle,disallow	0	Train station removal		
819	262	1	0	0	1	0	default	20091116214938		0	If you donate ...		
820	518	1	0	0	1	0	default	20160614033748	disallow	0	Hoppity Hooper vandal		
821	774	1	0	0	1	0	default	20160701152056		0	Eolgi highway vandal		
822	265	0	0	0	1	0	default	20160823115029		0	l337 vandalism		
823	522	1	0	0	1	0	default	20160929181853	disallow	0	Prolific Socking		
824	267	1	0	0	1	0	default	20091217171048	disallow,blockautopromote	0	Samlaptop		
825	272	0	0	0	1	0	default	20100217195233		0	Page author removing CSD tags		
826	528	1	0	0	1	0	default	20160929182033	disallow	0	Persistent Abuse		
827	274	1	0	0	1	0	default	20100217195157		0	Digimon vandal		
828	276	1	0	0	1	0	default	20160823115528		0	scripted anomtalk/spoofed IP vandalism		
829	21	1	0	0	1	0	default	20090318070855	blockautopromote	0	"""Ezekiel"" guy"		
830	277	1	0	0	1	0	default	20091221082656		0	possible vandalbot		
831	535	1	0	0	1	0	default	20160614033947	disallow	0	Voobly spam		
832	791	1	0	0	1	0	default	20160822044357		0	Spam(bot|mer)s continuously hitting the spam blacklist		
833	537	0	0	0	1	0	default	20161012201334	disallow	0	Transient harassment sites filter		
834	282	1	0	0	1	0	default	20100224000622		0	ArbCom filter 1		
835	794	0	0	0	1	0	default	20160909183200		0	iPlayer Programme link		
836	27	0	0	0	1	0	default	20090318044030		0	New user replacing page content		
837	283	1	0	0	1	0	default	20100118222848		0	Copyright violations in edit summaries		
838	32	0	0	0	1	0	default	20090511155725		0	Huge additions by new users		
839	292	0	0	0	1	0	default	20100212192820		0	Repeating characters in edit summary		
840	548	1	0	0	1	0	default	20160614034107	disallow	0	Fort Irwin National Training Center rangeblock		
841	551	1	0	0	1	0	default	20160614034132	disallow	0	Leandro Carvalho rangeblock		
842	807	1	0	0	1	0	default	20161213162516		0	Ourmine		
843	296	1	0	0	1	0	default	20160824183554	disallow	0	Edit summary vandalism III		
844	41	1	0	0	1	0	default	20090318131947		0	Pagemove vand		
845	297	1	0	0	1	0	default	20100304052321		0	Jeske's Test Filter		
846	42	1	0	0	1	0	default	20090408124340	disallow	0	ASCII art Mk.2		
847	299	1	0	0	1	0	default	20100226033620	disallow	0	Personal attacks		
848	555	1	0	0	1	0	default	20160614034308		0	Aaron spam		
849	300	1	0	0	1	0	default	20100304052339		0	Cross-posting		
850	558	1	0	0	1	0	default	20160614034337	disallow	0	FIFA West Germany		
851	303	0	0	0	1	0	default	20100312024806		0	COI Page Creation		
852	304	0	0	0	1	0	default	20100320185413		0	Rayman vandalism		
853	562	1	0	0	1	0	default	20160614034426	disallow	0	Hackneyhound		
854	308	0	0	0	1	0	default	20100323215045		0	Malformed Mediation Cabal Requests		
855	565	1	0	0	1	0	default	20170509185916	warn	0	Cat abuse		
856	823	1	0	0	0	0	default	20170115205517		0	Suspicious activity from new account		
857	568	1	0	0	1	0	default	20160614034501		0	SPI Clerk impersonation		
858	569	1	0	0	1	0	default	20160614034508		0	Texas film fan		
859	572	1	0	0	1	0	default	20170419224852	disallow	0	Persistent Disruption II		
860	62	0	0	0	1	0	default	20170511125337		0	Deleting the Main Page		
861	64	1	0	0	1	0	default	20160818205234		0	Shock sites in edit summaries		
862	321	1	0	0	1	0	default	20100425083044		0	Shirik's test filter		
863	67	0	0	0	1	0	default	20090408124418	throttle	0	Sockpuppetry at AfD discussions		
864	836	1	0	0	0	0	default	20170302013108	disallow	0	ANI / Air India Tehran		
865	582	0	0	0	1	0	default	20160614034657		0	IE 8/9 XSS Filter Bug		
866	329	0	0	0	1	0	default	20100511004040	warn,disallow	0	SPI disruption		
867	586	0	0	0	1	0	default	20160614034715		0	New user reviewing AfC submissions		
868	75	0	0	0	1	0	default	20090321080048		0	Blanking Vandalism		
869	588	1	0	0	1	0	default	20160614034723		0	Promotional usernames		
870	335	1	0	0	1	0	default	20101107190843	disallow	0	Talk page abuse		
871	591	1	0	0	0	0	default	20140422022459		0	Christian2941		
872	336	1	0	0	1	0	default	20100902044736	disallow	0	Darth Vader		
873	592	1	0	0	1	0	default	20140422022515		0	Christian2941 (duplicate)		
874	337	0	0	0	1	0	default	20110310111239	warn,disallow	0	Arkansas TV IP vandalism		
875	83	1	0	0	1	0	default	20090408124448	disallow	0	Genesis vandal		
876	84	1	0	0	1	0	default	20090323041819		0	goatse vandalism		
877	85	1	0	0	1	0	default	20090323174915		0	Beetstra - speed testing rules		
878	86	1	0	0	1	0	default	20090323164705		0	Argentina nuclear energy IP hopper - Rule 1		
879	87	1	0	0	1	0	default	20090323164702		0	Argentina nuclear energy IP hopper - Rule 2		
880	88	1	0	0	1	0	default	20090323164659		0	Argentina nuclear energy IP hopper - Rule 3		
881	89	1	0	0	1	0	default	20090323164656		0	Argentina nuclear energy IP hopper - Rule 4		
882	90	1	0	0	1	0	default	20090323164654		0	Argentina nuclear energy IP hopper - Rule 5		
883	91	1	0	0	1	0	default	20090323164655		0	Argentina nuclear energy IP hopper - Rule 6		
884	92	1	0	0	1	0	default	20090323164725		0	Argentina nuclear energy IP hopper - Rule 7		
885	349	1	0	0	1	0	default	20100809145939	disallow	0	Dudley Attacks		
886	605	1	0	0	1	0	default	20160614035004		0	Animal Welfare issues		
887	607	1	0	0	0	0	default	20160818172941		0	March 2014 test filter		
888	100	0	0	0	1	0	default	20090429123827		0	"""Warren G. Harding"" = Gangsta"		
889	356	1	0	0	1	0	default	20110310111353		0	Removal of LGBT project banner with disruptive edit summary		
890	357	0	0	0	1	0	default	20100902060504		0	Test pages		
891	110	0	0	0	1	0	default	20090408124254	throttle	0	Account creation throttle		
892	111	0	0	0	1	0	default	20090327010201		0	Gay or fag		
893	626	0	0	0	1	0	default	20160614035502		0	Deletion by a non-administrator		
894	374	1	0	0	1	0	default	20120808231359	disallow	0	"""linkless spam"""		
895	376	1	0	0	1	0	default	20110310111547		0	InfoCheck Vandalism		
896	122	0	0	0	1	0	default	20090429123937		0	Changing Username malformed requests		
897	124	1	0	0	1	0	default	20090525134106	warn,disallow	0	hitlerbunker.com		
898	893	0	0	0	1	0	default	20171206121123		0	Predatory open access journals.		
899	382	1	0	0	1	0	default	20120202004509	disallow	0	Scientology		
900	128	1	0	0	1	0	default	20090404113726		0	Vandal accounts		
901	130	1	0	0	1	0	default	20090617092044	warn,disallow	0	Kaveh L. Afrasiabi		
902	644	0	0	0	1	0	default	20160614040138	disallow	0	Mitrabarun Mitra		
903	647	0	0	0	1	0	default	20141202050416		0	New user removing XfD template		
904	136	0	0	0	1	0	default	20090429123741		0	Editing the Main Page		
905	138	1	0	0	1	0	default	20090407142140		0	Template vandalism		
906	907	0	0	0	0	0	default	20181230082522		0	St. Bernard (dog)		
907	396	0	0	0	1	0	default	20110521164212		0	Don't delete the main page		
908	143	1	0	0	1	0	default	20090525134202	warn,disallow	0	Cases of extreme spam of appropriate links		
909	147	0	0	0	1	0	default	20090420225402		0	AfD filter		
910	659	1	0	0	1	0	default	20150124042744	throttle	0	Repeat vandal		
911	404	1	0	0	1	0	default	20120808231534	disallow	0	Talk page abuse		
912	150	1	0	0	1	0	default	20160820180413		0	Pattern vandal on name-dropping		
913	406	1	0	0	1	0	default	20120808231540	throttle	0	Prolific socker V		
914	662	0	0	0	1	0	default	20150202235933	disallow	0			
915	156	0	0	0	1	0	default	20090525144449	disallow	0	"""Power Rangers suck"" vandal"		
916	671	1	0	0	1	0	default	20150331163002		0	Raghu Acharya		
917	160	1	0	0	1	0	default	20090617092217	warn,disallow	0	Punchbowl, New South Wales		
918	416	1	0	0	1	0	default	20160304203651		0	sbl-circumvention		
919	672	1	0	0	1	0	default	20150326011345		0	technewsprovider		
920	169	1	0	0	1	0	default	20160820180644	disallow	0	WoW Socks		
921	427	0	0	0	1	0	default	20120808231728		0	Possible Emergency Reponse Needed		
922	939	1	0	0	1	0	default	20181030195650		0	Tracking 201810		
923	692	0	0	0	0	0	default	20150602035048		0	New user placing copyviocore template		
924	181	0	0	0	1	0	default	20090606063308		0	Stop persistent sockpuppets of banned users		
925	182	0	0	0	1	0	default	20090609134130		0	Test filter		
926	950	1	0	1	0	0	default	20181216233854		0	LTA circus performers		
927	187	1	0	0	1	0	default	20090830005446		0	Gunfu vandal - [[Special:Contributions/69.124.8.165]]		
928	700	1	0	0	1	0	default	20181104192042		0	Image redirect vandalism		
929	446	1	0	0	1	0	default	20120808231819	disallow	0	Vandal on JW's talk (temporary)		
930	704	1	0	0	0	0	default	20150712080907		0	Page spam		
931	449	1	0	0	1	0	default	20120817124147		0	Long-term BLP violations		
932	705	1	0	0	1	0	default	20170402074337		0	Module vandal		
933	452	1	0	0	1	0	default	20120210140344		0	Inserted a spam link to any page		
934	197	0	0	0	1	0	default	20090708123243	warn	0	Duplicate section		
935	457	1	0	0	1	0	default	20130404081134	throttle,disallow	0	Vandalbots		
936	202	1	0	0	1	0	default	20090812211532		0	Masked Rider Blade Knight vandal		
937	717	1	0	0	1	0	default	20150803161435	disallow	0	Temporary blacklisted usernames		
938	206	1	0	0	1	0	default	20090928231108		0	Scibaby #2		
939	724	1	0	0	0	0	default	20180312202435		0	John Galea		
940	216	1	0	0	1	0	default	20090928231053		0	Circumcision vandalism 1		
941	222	1	0	0	1	0	default	20090928231040	disallow	0	Kamen Rider vandal		
942	223	1	0	0	1	0	default	20090928231036	disallow	0	Marco Lupis articles		
943	481	1	0	0	1	0	default	20170402073748	disallow	0	Noticeboard Troll		
944	227	1	0	0	1	0	default	20090928231033		0	Financial sockfarm		
945	741	0	0	0	1	0	default	20181104192516		0	Article to Wikipedia namespace moves		
946	498	1	0	0	1	0	default	20121007070002		0	Creator of test pages		
947	754	1	0	0	1	0	default	20160317115051		0	Harassment by IP hopper		
948	246	0	0	0	1	0	default	20160820181803		0	"""Imma let you finish ..."" new meme"		
949	504	0	0	0	1	0	default	20121124181553		0	Costarrica's Top Model sock		
950	761	1	0	0	1	0	default	20160426210822		0	High-volume socker		
951	252	1	0	0	1	0	default	20091127160925		0	Power rangers vandal		
952	254	0	0	0	1	0	default	20091127160932		0	Titles with special search terms		
953	511	0	0	0	1	0	default	20121207071122		0	test filter		
